正文,点赞数,评论数,转发数,话题,日期,完整日期
"尊敬的网友们
        请问为什么有那么多人
        看户晨风先生的直播",590,128,7,,2025-01-26,2025-01-26 12:56:45
"我在山姆超市的食物中吃出一个毛发山姆真的赔了我1000 
户晨风2023的微博视频",1149,112,40,,2025-01-25,2025-01-25 10:42:56
"你眼中的户晨风先生
        是个什么样的人",892,253,6,,2025-01-24,2025-01-24 19:18:58
"2024年我赚了46万元户晨风收入公开视频2024年全年 
户晨风2023的微博视频",276,57,9,,2025-01-23,2025-01-23 14:40:41
"向全球车企发出邀请函
        户先生愿意以身试局
        长期试驾车企旗下的汽车
        发布用车报告
        但是
        户先生会坚持独立乐观第三方
        长期试驾说好话
        有没有真正优质的车企
        敢送试驾车的 
        送车地点成都送试汽车应该包含高昂的第三者责任险和车损险驾乘险",507,88,4,,2025-01-23,2025-01-23 09:58:22
"2025年
    户晨风先生准备大干一场
    年后做网店卖麦片
    视频拍摄也不会停止
    找世界级代工厂
    做自有品牌
    稳步推进
    前路漫漫
    虽然大概率失败
    但是户先生还是要做
    为了他心中的理想",375,106,6,,2025-01-22,2025-01-22 17:22:20
"网友们
        昨天去山姆会员店
        消费了1800元
        甚至还续费了一个卓越会员卡
        开个卡600多元
        通透",679,138,5,,2025-01-21,2025-01-21 15:33:34
"我作为成都市著名爱狗人士
        潘宏那死一条狗
        竟然能成为大热点
        可见
        几乎没有任何优质内容了
        狗再重要也就是一条狗
        洗澡的时候死了
        根本不值得社会公众这么多的关注
        我们更应该关心自己的生活
        真正跟自己切身利益相关的事
        你说一条狗
        不值得
  我是著名爱狗人士没人比我更爱狗就事论事不攻击互相尊重友好交流我每年花在我的狗身上10000元以上",2559,676,36,,2025-01-21,2025-01-21 10:17:16
"昨天晚上140睡的觉
        今天早上540起的床
        只睡了4小时
        户晨风先生赶早上755的飞机
        目前已经到达成都
        这么努力奋斗
        到底是为了什么 
成都",446,77,5,,2025-01-20,2025-01-20 11:28:43
浮光掠影户晨风先生写真集,873,95,15,,2025-01-20,2025-01-20 07:11:11
"最近大家都在讨论医保集采药的话题
        有的认可国产仿制药好
        想用国产的医疗器械
        有的不认可
        想用进口原研药
        用进口医疗器械
        其实我有一计可迎刃而解
        直接推出两种医保
第一种
        全部都是集采的原研进口药
        进口医疗设备
        但是每年的医保价格
        相比较现在翻倍或者3倍4倍
        价格必须能够覆盖医保成本
        且盈余
 第二种
        全部都是集采的国产原研药
        国产医疗器械
        价格和现在一样甚至更便宜
        普惠低收入人群
        用第一种医保的盈余补贴第二种
        总结这样大家都开心了
                    都得到了自己想得到的
不攻击互相尊重友好交流仅仅是我不成熟的想法仅供讨论",740,155,14,,2025-01-19,2025-01-19 19:39:31
"喜极而泣
        户晨风先生的纳税额
        提高到了24 
        提现5000元
        交了1200元的税 
        能给这个社会做更多的贡献了
        夫复何求
       图2户晨风先生在南宁拍摄纪实",547,69,8,,2025-01-19,2025-01-19 09:54:46
"高铁春运如何提高运力 
        在不增加车次且保证安全的情况下
        如何让更多的人回到家
        和家人相聚 
        我有一计
        1一列高铁拆掉75的座位
             大部分人站着回家
             拆掉的座椅的重量
             可以多搭载人
             老弱病残凭借实名购票
             买平价的座位票
             其他人贵5倍
        2限制乘客行李重量和体积
              比如一人20 kg体积5050cm
              因为行李超重超大就会挤占
              高铁拉人的重量
              春运时
              高铁的载重就是稀缺资源
              如果确实要带更多的东西
              超出1kg20元收费
        3如果确实需要坐着
              请按平时票价的5倍价购座位票
      总结 在买不到票和站着回家
                   这两个选项中间
                  你觉得哪个更好 
  不攻击互相尊重友好交流我的观点不一定对",784,185,14,,2025-01-18,2025-01-18 13:05:43
"作为一个普通人
       你是依附于社会
       还是社会依附于你 
       答案不言而喻
       作为年轻人
       过完年赶紧去大城市吧
       你老家那个小县城
       本身就不剩多少年轻人了
       再过几十年
       都有可能变成无人区
       而大城市人口会越来越多的
       无论你喜欢大城市与否
       最终都会被动或者主动的
       来到大城市
       在这里生老病死
       望周知",518,114,8,,2025-01-18,2025-01-18 11:18:41
"日本见闻
       日本的新干线列车运营了这么多年
       依旧是这么干净整洁图1
       说一尘不染那是夸张了
       但是绝对比我见到过的
       所有的列车都干净
       包括座椅底下的缝里面图2
       站台都有防坠落门图34
       非常安全 
       更重要的是设计既好看
       也非常人性化
       如图5每一排的旅客和前排不共享窗户
       从而避免了
       前后排因为开关窗户引发矛盾的问题
       图6列车的重要信息
       都印在座椅后面的小桌板上
       厕所位置所处车厢
       AED位置紧急停止位置
       乘客甚至还可以扫码
       看不同语言版本
       这是真正的国际化",1123,207,13,,2025-01-17,2025-01-17 12:38:58
"尊敬的网友们
        昨晚直播3小时40分钟
        共收到9200元的礼物
        平台拿了50之后
        还剩4600元
        缴纳了20的个人所得税
        即920元后
        实际到手3680元 
        真是感恩各位总和各位网友 
        再次感谢",577,99,5,,2025-01-17,2025-01-17 10:04:35
"刚刚从一个高端商场往外走
        正要拉门
        遇到一个年轻女士
        从外往里进
        我们俩同时到
        我顺手把门拉开
        请她先进
        动作很明显
        她直接进来了
        连一句谢谢都没有
        连一个微笑都没有
        竟然直接无视走了
        颇感心寒
 
成都仁恒置地广场",972,152,13,,2025-01-16,2025-01-16 18:54:42
"倒血霉了 
        早上730起床
        辛辛苦苦赶到机场
        刚到机场刚下地铁
        跟我说
        飞机延误10小时
        飞机故障 
        只能原地坐地铁回家 
        一早上坐了将近90分钟地铁
        望周知",362,80,7,,2025-01-16,2025-01-16 10:31:31
"披星戴月对于户晨风先生来说是常态了
        就以今天为例
        昨晚21点开始直播
        直播了3小时40分钟
        到0040下播  
        收拾第二天早上出差的行李
        凌晨130点睡觉已提前刷牙洗脸
        早上730起床
        睡了6小时
        起床之后遛狗到810
        拿包出差
        825到麦当劳吃早饭
        950抵达成都天府机场
        1030开始在机场
        准备视频文案收入公开视频
        
        户先生真是劳模
        望周知",336,59,2,,2025-01-16,2025-01-16 09:33:41
"户晨风先生乐于分享自己赚的钱
        户先生收到的礼物
        50平台拿
        剩下的20是税收
        但是户先生觉得还不够
        还应该把财富分享出去
        户先生不但上街送钱
        更是给自己的员工
        户先生更愿意称之为伙伴
        给出远高于市场的工资
        就在刚刚
        户先生给他的剪辑师
        转了1000过年红包
        其实
        户先生给剪辑师的
        单条剪辑费用
        已经是远高于市场水平了
        而且从不欠款
        立刻结清
        但是
        本着独乐不如众乐的人生态度
        户先生毅然决然的转了1000过去
        真是洒脱
        当然了
        归根结底还是要感谢各位总
        各位网友
        小户和剪辑摄影的衣食父母
        再次感谢",625,101,7,,2025-01-15,2025-01-15 10:39:39
"亲爱的网友们
        昨晚直播3小时40分钟
        共收到15970元的礼物
        平台拿了50之后
        还剩7950元
        缴纳了20的个人所得税
        即1590元后
        实际到手6360元 
        真是感恩各位总和各位网友 
        再次感谢",631,107,3,,2025-01-14,2025-01-14 09:58:04
"美国加州大火
        没想到简中互联网
        这么多人对洛杉矶大火感兴趣
        首先
        任何对自然灾害幸灾乐祸的人
        都对不起受过的教育
        火灾原因无非就是
        地理因素地中海气候
        叠加干旱少雨
        有网友说加州现在是冬天啊
        对20的冬天
        加州山火这次灭完还会有
        因为地理特征注定的
        很多人无法理解山火
        靠水扑灭那纯粹做梦图2
        只能靠隔离带阻燃剂
        把已经着火的烧光
        我不喜欢关注国外的事
        多关心关心自己的生活
        我觉得才更务实
        你家楼道里有灭火器么 
        灭火器压力值够么 
        你家楼道里有易燃物品么 
        图22018年加州山火",2168,551,48,,2025-01-13,2025-01-13 10:10:11
"户晨风先生今天晚上的晚饭
        一根山姆的水果萝卜
        一点山姆的葡萄
        足矣
        户先生一直比较崇尚健康饮食
        不喜欢浓油赤酱
        泼油浇给之类的
        望周知",553,84,12,,2025-01-12,2025-01-12 17:59:51
"亲爱的网友们
        昨晚直播3小时40分钟
        共收到5400元的礼物
        平台拿了50之后
        还剩2700元
        缴纳了20的个人所得税
        即540元后
        实际到手2160元 
        通透 感恩",400,53,5,,2025-01-12,2025-01-12 13:14:14
"户晨风先生不喜欢被情怀绑架
        面对好的产品
        户先生都支持
        比如大疆的相机和麦克风
        户先生累计消费10000元以上了
        昨天又买了个新的
        有的品牌总是各种情怀
        绑架消费者
        令人作呕
        消费者支持是情分
        不支持是本分
        最终还是产品力决定一切",740,99,9,,2025-01-11,2025-01-11 15:41:06
"亲爱的网友们
        昨晚直播3小时30分钟
        共收到8000元的礼物
        平台拿了50之后
        还剩4000元
        缴纳了20的个人所得税
        即800元后
        实际到手3200元 
        通透 感恩",272,49,2,,2025-01-11,2025-01-11 11:07:50
"山姆会员店美国沃尔玛旗下企业
        是我现在唯一逛的线下超市
        食物安全放心 
        还便宜
        最关键的是
        遇到问题能维权
        真有食品安全问题
        我相信媒体
        会主动帮我维权的",695,113,17,,2025-01-10,2025-01-10 18:25:20
"网友们昨晚直播4小时
        累计收到礼物28万元
        平台拿50
        剩14万元
        再纳税20即2800元
        到手112万元 
        通透   
        再次感谢各位衣食父母",775,108,17,,2025-01-10,2025-01-10 13:37:39
"网友们好
        今晚9点
        B站直播见",1436,202,26,,2025-01-09,2025-01-09 13:34:29
"亲爱的网友们
        昨晚直播3小时25分钟
        累计收到14030元的礼物
        平台拿50之后
        我还剩7015元
        在缴纳了20
        约1403元的个人所得税之后
        我到手5612元
        通透 性情 豪迈 
        感谢各位总各位网友
        江东父老能容我
        不使人间造孽钱",2672,1037,47,,2024-10-01,2024-10-01 10:03:39
"户晨风先生作为
        成都市著名爱狗人士
        昨天给狗看病
        狗耳朵被细菌感染了
        耳镜拿药一共669元
        宠物看病非常的贵
        所以我给爱犬买了
        3份医疗保险
        1份责任险
        一个月狗的保险费用约240元
        我的狗看病费用都是保险报销
        所以我不在乎花了多少钱",855,162,5,,2024-09-30,2024-09-30 18:31:58
"户晨风先生在日本招聘兼职摄影
        工作时间及地点
        10月9日  下午1点开始  在大阪拍摄
        10月10日下午3点开始  在东京拍摄
        要求
        女性优先日语N1级别及以上
        务必能够熟练使用日语
        在日本本土生活至少2年以上
        熟练使用日语是硬性要求
        薪资
        每小时100元人民币
        50元餐补
        30元路费补贴
        有意者请私信我
        
日本大阪",1259,258,10,,2024-09-30,2024-09-30 12:25:54
"请位于以色列的网友速速联系我
        有关于以色列的问题需要咨询
        会希伯来语者优先",780,128,7,,2024-09-29,2024-09-29 14:33:55
"夜已深 
        户晨风先生决定
        将在合适时间
        合法合规的前提下
        申请签证前往
        以色列首都特拉维夫
        拍摄购买力系列视频
        目前面临两大困难
        1机票价格过于昂贵
              单人来回机票价格
              近12万元人民币图23
              机票只能国内直飞
              因安全问题不中转世界其他国家及地区
        2签证不一定能给我
              拒签率极高
         最主要的就是机票价格极高 
         望周知",1315,208,18,,2024-09-29,2024-09-29 02:19:18
"网友们这个墨镜好看么 
        连镜片一起一共1000元
        要不要买啊 
        属实有点不舍得",816,167,9,,2024-09-28,2024-09-28 12:15:53
"坚持学习英语   
        必须每天背1小时单词
        6个月后
        户晨风先生将挑战雅思55分
        望周知",1154,278,20,,2024-09-27,2024-09-27 13:35:56
"韩国白菜涨价
        已经是简体中文互联网的老内容了
        没有新意了
        如图从2018年2023年
        每年几乎都是一样的新闻内容
        甚至连新闻标题都差不多
        而且
        但凡有一点点生活常识都知道
        农产品的价格本身
        就是季节性波动大的
        非常正常
        还是那句话
        简体中文互联网关于韩国的内容
        几乎毫无价值",1417,280,49,韩国2公斤白菜卖到79元,2024-09-27,2024-09-27 00:32:02
"网友们画的像么 
        68元
        画的过程中
        我建议画师做短视频
        开直播
        平时直播的话
        直播间人数直接1万
        宣判封顶
        具体开播细节设备我也全盘托出
        户先生真是热心啊 
贵阳",1220,169,9,,2024-09-25,2024-09-25 19:37:33
"户晨风先生在想什么 
贵阳",1031,159,8,,2024-09-25,2024-09-25 14:17:43
"户晨风先生成功拿下
        韩国5年多次签证
        韩国户先生以后会
        多去 常去 常拍 
        一旦简中互联网有关于韩国的谣言
        户先生会第一时间赶赴韩国
        辟谣",2081,501,24,,2024-09-23,2024-09-23 11:47:35
"苹果AirPods 4耳机
       是你能负担得起的
       人类有史以来的
       最好用的耳机
       无感使用",800,199,12,,2024-09-22,2024-09-22 16:23:35
"户晨风先生课堂开课了
        今天我们活学活用
        生动的分析一位谣言受害者图1
        我们一一的核实这个人所说的论据
        1该网友所说苹果手机有很多印度造
              苹果手机2024年中国本土生产占总量的大约84印度仅占13图2数据来源财经我们这几乎是最大最权威的财经媒体
              所以符合事实的说法是苹果手机很多中国制造少部分印度制造
        2该网友所说美国政府可以通过苹果手机进行窃听及其他网络战国家安全局和360发布过很多案例
              我没有搜到以上两个机构发布的任何关于该网友所说的任何案例图3
        我怀疑该网友纯粹瞎编也就是造谣
        3该网友说亚非拉国家甚至德国默克尔都知道美国最会做恶窃听所以后面不愿意买美国货
               图4是2023年110月美国出口总金额按国家的排名澎湃新闻转载的
                欧洲欧盟亚洲的中国东盟日本韩国印度拉丁美洲的墨西哥巴西都是美国前10大商品出口国
                所以亚非拉不愿意买美国货更是无稽之谈啊
         4如该网友所说美国不仅会搞欧洲国家新闻上也报道过美国通过网络战窃听日本商业机密
         找了半天就找到图5的转载内容美国国家安全局窃听主要企业的35条电话线路从2006年开始2006年还没有苹果手机呢而且是电话线路
         结论
         该网友的价值观是由一堆谎言选择性事实构成的我实在是不知道该网友平时获取信息的渠道是什么 
        连最起码的求真精神都没有么 
        搜索引擎搜索一下10分钟都不需要
        我很同情这位网友
不攻击互相尊重友好交流为了防止网暴所有ID已打码",1005,195,24,,2024-09-21,2024-09-21 11:43:21
"户晨风先生做事特认真
        要么不做
        要做就做好
        这也是为什么
        户先生跑遍全球
        拍视频的原因
        户晨风先生即将前往日本",2319,392,26,,2024-09-20,2024-09-20 20:16:36
"简中互联网又开始谣言四起了
        说提防苹果手机爆炸
        首先黎巴嫩的手机爆炸
        是因为里面有TNT炸药
        不是因为锂电池
        如果能够远程控制锂电池爆炸
        那摩萨德为啥大费周章的装炸药呢 
        逻辑上也说不通啊
        再退一步来说
        苹果手机的整个制造组装
        都是国内工厂完成的
        基本都是上市公司
        也许你自己就是苹果产业链的一环
        另外
        你猜猜是我们买老外的电子产品多
        还是全世界买我们的电子产品多
        小心谣言最终伤害到自己
        户晨风先生思考集",1787,413,60,,2024-09-20,2024-09-20 14:37:49
"2021年
    我就感觉到要做自媒体这个行业
    因为人人都在刷短视频
    所有人都在玩手机
    这是真正的蓝海
    但是
    不知道拍什么
    怎么拍
    甚至剪辑都不会
    自学pr太复杂了学不会 
    那时候甚至剪映专业版还没推出
    所以一直处于想法阶段
2022年
    剪映专业版电脑端上市
    一整年我都在一点一滴的学习剪辑
2023年
    2月购买力系列视频横空出世
    3月107元视频发布
    4月随机送陌生人钱系列视频
    6月公开收入系列视频
    11月直播连麦交流观点火遍全球
     户晨风先生回忆录
图为2022年户晨风先生在家失业时拍摄",1785,218,21,,2024-09-18,2024-09-18 18:56:06
"户晨风先生病了
        肚子无征兆的间歇性疼痛
        上厕所也无济于事
        已连续好几天
        全身发热
        咳嗽
        鼻塞
        全身无力
        如果户晨风先生不幸离开这个世界
        你会怎么给户先生写悼词",2493,470,16,,2024-09-17,2024-09-17 20:28:59
"为什么只有中秋吃月饼 
        因为不好吃
        不好吃也就算了
        还不健康
        纯纯的糖油混合物
        月饼几乎集齐了食物的
        所有缺点",652,153,8,,2024-09-17,2024-09-17 18:41:48
"长春路上的车子
        比新西兰的好太多了
        扫一眼都有奔驰宝马奥迪
        长春路上的汽车比新西兰
        1价格更贵
        2车子更新
        新西兰大部分都是几万
        十几万的日系车
        所以
        长春的发展比新西兰好
        爆赞
 
长春",770,95,5,,2024-09-17,2024-09-17 18:13:04
分享图片,2248,524,28,,2024-09-16,2024-09-16 17:53:32
"一个美国的黑人母亲给自己的孩子做饭
        评论区几乎清一色的各种攻击
        甚至还有说狗粮的
        真是让人咋舌    
        人家做的饭咋了 
        大量的肉奶制品奶酪芝士
        优质蛋白
        蔬菜碳水
        都有了  
        不比弄一碗面条整一碗米饭强 
        不能攻击 要有包容性 
        这个世界是多样的
        老外大部分都不喜欢吃中餐
        你喜欢也没毛病
        人家喜欢自己的饮食习惯也没毛病
为了防止网暴所有ID均已打码不攻击互相尊重友好交流",2586,326,36,,2024-09-15,2024-09-15 12:24:47
"Space x太厉害了
       可以说吊打全球所有国家的航空技术
       不断创作人类新的历史
       可以说
       没有任何国家的航天技术能够
       望其项背 
       且不需要纳税人投入一分钱
       还能盈利纳税增加就业
      Space X完成了
      人类半个世纪以来
      离地球最高高度的出舱行走任务
      且出舱行走的宇航员就是普通人
      space x的普通员工
      且space X证明了一件事
      航天员真不用万里挑一
      Space x已经执行过
      把普通人送上太空一周的任务了
      还是残疾人呢
      得过癌症的
      我很尊重以上这些群体啊
      只是说上太空大家都行
      不需要万里挑一
      职业光环去魅
      就跟主播似的
      谁都能干",1368,416,42,,2024-09-14,2024-09-14 10:05:56
"都说户晨风先生赚的多
        就以我这次去长春
        拍摄视频为例
        我去每个城市的拍摄周期为3天
        街头送钱给路人预算6000元
        来回机票1300元
        住宿4晚1068元
        摄影工资700元
        吃饭喝水500元
        打车支出200元
        保险支出32元
        其他支出200元
        单次拍摄累计支出10000元
        所以户晨风先生赚的钱
        只是在户先生这过一手
        真正的分享给社会
        促进消费促进经济发展
        户先生这么说
        也是这么做的
        望周知 
南京南京禄口国际机场",577,123,6,,2024-09-13,2024-09-13 16:43:52
"户晨风先生一天的作息安排
        晚上9点开始直播
        凌晨12点30分下播
        凌晨2点睡觉
        早上8点起床
        10点30分赶到机场
        户晨风先生一直在路上
        为什么会如此拼搏 
        到底是为什么 
        可能只是想多纳税吧",490,110,8,,2024-09-13,2024-09-13 12:06:38
"月饼之殇
        月饼纯纯糖油混合物垃圾食品
        我拒绝吃
        1月饼皮和馅都有大量的糖和油
        2吃了对于身体来说是巨大的负担
              可以说是一点好处都没有
              家里的老人一定少吃最好不吃
        3有人说汉堡炸鸡是垃圾食品
               相比较而言
               月饼才是真正的垃圾食品
               另外汉堡不是垃圾食品",1781,392,32,,2024-09-12,2024-09-12 19:07:07
"新西兰购买力视频
        真是如平地惊雷般
        世界上各个国家的购买力
        会陆续拍摄
        了解其他国家的风土人情
        其他人的生活
        传播正能量",937,192,23,,2024-09-12,2024-09-12 14:13:10
"我不禁要问了
        为什么那么多人骂国足 
        为什么足球一定要踢得很好 
        这种心态很偏执啊
        踢不好就踢不好呗
        美国的足球更垃圾
        我也没见美国人天天骂他们的国足啊
        足球踢不踢的好
        是个无关紧要的事
        我们有更多更重要的事需要关注
        比如我们的孩子在学校有没有空调 
        而不是整天关注进了几个球
        就算多进几个
        赢了
        能怎么样么 
        对你的生活没有任何影响
图1户晨风先生2015年5月份在内蒙古满洲里中俄边界拍照留念",1307,323,24,,2024-09-11,2024-09-11 14:57:22
"新西兰切菜工1天工资能买多少东西户晨风全球购买力系列 
户晨风2023的微博视频",3007,557,291,,2024-09-10,2024-09-10 11:37:06
"在新西兰几乎很多事都是全凭自觉没人管你 
户晨风2023的微博视频",1332,341,34,,2024-09-09,2024-09-09 14:17:14
"尊敬的网友们
        新西兰三部曲
        正在紧锣密鼓的制作中
        随着新西兰3部曲的发布
        可以说是对新西兰在简中互联网的
        一锤定音了
        望周知
图11999年9月27日户晨风先生在照相馆摄影留念",623,161,2,,2024-09-09,2024-09-09 07:20:33
"太好了支持 
        私有化的医院明确的准入标准
        优胜汰劣 
        真正的造福普通人
        把低效率的医院和公立医院淘汰
        商业医疗保险私有化的医院
        完美解决整个医疗过程中
        信息不对称的问题
        让患者和医院医生平起平坐
        保险当中间人
        完美的解决了公立医院效率低的问题
        因为效率低意味着被淘汰
        好 
图1来源每日Fli快讯图2户晨风先生",1596,575,45,,2024-09-08,2024-09-08 13:29:12
"户晨风先生由新西兰回国
        望周知 
新西兰",1010,133,4,,2024-09-07,2024-09-07 16:53:17
"新西兰真是一个
        文明现代发达包容的国家
        来新西兰这一周
        根本就不存在说谁歧视我
        面对的都是笑容问好热心帮助
        这种体验极好
        全世界风景好的地方多了去了
        为什么新西兰能脱颖而出
        不仅仅是风景好
        更重要的是人合
        好的服务知情达理
        明确的规则对社会和法律放心 
        食品更是享誉全球完全的安全放心
        新西兰这个所谓的世界的角落
        却做的如此之好令人惊叹
        当然了也有缺点
        我觉得最大的缺点就是
        网络不好  
        确实通信网络建设极差
        当地人也是这么评价的
        因为环保酒店不提供拖鞋和牙刷
        剩下都是好评
        图片均为户晨风先生随手拍摄 
新西兰",2898,718,33,,2024-09-07,2024-09-07 09:20:16
"巴黎热不热我不知道
运动员热不热我也不关心
但你的城市有没有高温预警
你所在的城市的中小学生热不热
你应该是非常清楚的
那这些学校都有空调么 都开了么 
孩子们上课遭罪么 
所以我不禁要问
眼前的自己的孩子你不关心
一条朋友圈没发
一条微博没发
你关心毛线万里之外的巴黎啊 
拿出你当时关心巴黎奥运会
运动员有没有装空调那股劲
关心一下自己的孩子吧

图1为户晨风先生在新西兰皇后镇 
新西兰但尼丁",1424,264,40,,2024-09-06,2024-09-06 15:59:39
"网友们觉得配什么BGM合适呢 
新西兰皇后镇希尔顿酒店Hilton Queenstown Resort  Spa
 
户晨风2023的微博视频",664,159,0,,2024-09-05,2024-09-05 17:57:28
"让你们CEO来回复这个微博
         希望你正视问题立即处理
        我住在你们新西兰皇后镇希尔顿酒店
        我没想到希尔顿竟然针对不同的客户
        提供不同的WiFi 速度愚蠢的政策
        普通用户想选用高速度的WiFi 
        竟然还得花钱买
        退一步来说花钱买我也接受了
        问题是选择了低速度WiFi 
        就无法再选择高速度的了
        无法切换WiFi了 
        我操作了半小时都没切换成功 
        导致我无法直播 无法赚钱 
        I am angry  
         Hilton Hilton asked your CEO to reply to this Weibo
        wants you to face up to the problemdeal with it immediately
        I am staying at the Hilton Hotel in Queenstown New Zealand I didnt expect Hilton to provide different WiFi speeds for different customers Stupid policy Ordinary users want to choose highspeed WiFi but they still have to spend money to buy it To take a step back I also accept it The problem is that if you choose lowspeed WiFi you cant choose highspeed WiFi and you cant switch WiFi Ive been operating for half an hour
         but I havent switched successfully Cause me cant live Unable to make money         
  I am angry  
新西兰皇后镇希尔顿酒店Hilton Queenstown Resort  Spa",981,260,12,,2024-09-04,2024-09-04 20:03:48
"在新西兰不想发微博了
        出了奥克兰
        新西兰简直就是人间净土
        简直就是世外之地
        水原来可以清到可以看到湖底
        四个字形容优山美地 
新西兰",2557,352,14,,2024-09-04,2024-09-04 15:47:13
"户晨风先生在奥克兰 
新西兰奥克兰",1187,159,15,,2024-09-02,2024-09-02 15:18:09
"新西兰太冷了
        晚上洗澡前得开热空调
        不然待不住啊
        这两天忙于拍视频
        从后天开始
        户晨风先生更新新西兰见闻实录 
新西兰",707,111,14,,2024-09-01,2024-09-01 19:49:58
"亲爱的网友们
        户晨风先生昨晚直播2小时30分钟
        共收到20000元的礼物
        平台拿50
        到手10000元
        直接纳税20
        在缴纳了2000元的个人所得税之后
        到手8000
        感恩世界末日记录者总图3
        性情刷了19000元太通透了 
新西兰Auckland CBD",547,151,10,,2024-09-01,2024-09-01 13:09:37
"户晨风先生在新西兰 
新西兰奥克兰",1222,146,12,,2024-08-31,2024-08-31 18:18:16
"户晨风先生即将飞往
        万里之外的异国他乡 
        新西兰奥克兰 
        我割舍不下啊 
        说着说着
        不禁潸然泪下
        马上要坐12个小时的经济舱
        屁股都得烂了
        升舱升不起
        这可如何是好",621,137,2,,2024-08-30,2024-08-30 23:37:21
"尊敬的网友们
        昨晚直播35小时
        收到了34万元的礼物
        平台拿50
        我还能剩17万
        在缴纳了20
        即3400元的个人所得税之后
        到手13600元
        感恩各位总各位网友
        尤其要感谢世界末日记录者总
        昨晚性情上了总督
        花了2万元人民币
        太感谢了
        图3是世界末日总的主页",1025,250,9,,2024-08-30,2024-08-30 09:09:17
"在新西兰租车把户晨风先生难为坏了
        新西兰地大物博
        南北陆地相距1000公里
        人口只有500多万
        出行没车不行
        但是在欧美发达国家租车
        得有国际信用卡
        国内办理得一周时间
        户先生来不及啊
        明天的飞机
        这可如何是好 
        奥克兰的车子租好了
        奥克兰是大城市
        可以蚂蚁信用免抵押
        可惠灵顿和皇后镇没车咋办啊 
新西兰",1013,148,2,,2024-08-29,2024-08-29 15:51:30
"招聘启事
        户晨风先生需要在新西兰的
        奥克兰和惠灵顿的兼职摄影
        工作时间奥克兰当地时间9月2日
        和惠灵顿9月3日
        都是下午1点开始
        工资人民币100元小时
        餐补60元人民币
        路费补助30元人民币
        需要精通英语雅思65以上
        女性优先需成年
        有意者请私信我 
          
新西兰奥克兰",946,119,5,随手拍,2024-08-29,2024-08-29 09:56:37
"户晨风先生将于后天前往新西兰旅游拍摄
        户先生将会
        由北到南
        浏览整个新西兰
        用镜头拍下新西兰见闻实录
        由于日程繁忙
        暂不接受一切新西兰网友的宴请
        有在新西兰送外卖送快递当服务员
        工作的网友么 
        可以私信户先生
        记录你真实的一天
新西兰奥克兰",710,104,2,,2024-08-28,2024-08-28 21:50:44
"这张照片是2018年6月份
        户晨风先生刚到成都时
        为了应聘拍的照片
        当时这个蓝底还是亲戚帮忙p的图
        如今已过去6年多
        当时也不知道命运会如何
        户晨风先生将于明日正式回归
        直播聊",1868,335,14,,2024-08-28,2024-08-28 12:12:50
"银川卖20年红薯的大爷户晨风随机给陌生人2000元系列 
户晨风2023的微博视频",1989,411,36,,2024-08-22,2024-08-22 11:29:15
"简体中文互联网又嗨了
        说美国游泳队脸色发紫
        然后各种阴谋论
        推测别人用了药兴奋剂
        本着实事求是的原则
        我去观看了5场比赛原视频
        真相令人咋舌
        事实是大家脸色都发紫
                        白人会更加明显罢了
        如图澳大利亚对英国队
                    法国队加拿大队
                其他队排名低给的镜头很少
        所以皮肤发紫是普遍性的现象
        可能是转播技术问题导致的
        由此一群人不追求真相
        甚至连比赛原视频都不看
        就推测美国队用药了
        真是精神胜利大法啊
        可悲可叹啊
        另外这届奥运会的反兴奋剂小组的专家
        是由全世界各地的组成的
        包括我们这
        如果你怀疑美国队用兴奋剂请拿出证据
        而不是在这自嗨
        奥运精神是开放的包容的
不攻击互相尊重友好交流个人观点不一定对",10488,2855,131,,2024-08-14,2024-08-14 10:17:45
"对于跳水举重这类型的运动
        我既不喜欢
        也无法欣赏
        我实在是不知道美在哪里
        甚至觉得这种类型的运动
        有些不太人道
        跳水
        比的是谁的水花小
        
这有啥意思 
        举重比的是谁举的重
        运动员因此身体都会受伤害
        身高平均偏低
        所以这两项运动真是既无美感
        也无意义",4136,967,51,,2024-08-13,2024-08-13 12:53:43
"为什么朝鲜一架在飞的民航客机都没有 
        出行需求如何解决 
        即使普通民众没有出行需求
        地球这么大
        朝鲜官方的出行需求如何解决",1330,203,13,,2024-08-13,2024-08-13 08:57:01
"银川的理发师给我剪了个锅盖头
        我今天还得拍视频呢
        这可如何是好",604,176,1,,2024-08-12,2024-08-12 16:21:43
"正在审核7月份财报的文本
        财务数据播报完
        我都会说一段话
        然后再结束
        有好主意么 
        这段话应该说啥 
        大概150个字以内
        感恩为主
        可自由发挥
        写的好的原文摘录",777,95,3,,2024-08-12,2024-08-12 11:15:02
"重磅发布
        户晨风先生直播间
        7月份流水近13万元人民币 
        望周知",519,158,11,,2024-08-11,2024-08-11 18:03:50
"一些学生啊在学校上学上麻了
        说我发微博一行一句话
        是没文化的表现
        我有没有文化我不清楚
        一行一句话
        这是最容易让观众阅读的   
        也是水微博的最好方法
        点开这位同学的主页一看
        果不其然
        Red mi安卓用户
        爱转发抽奖微博
        我再望闻问切一把
        9成概率没工作
        当然了
        没有看不起安卓的意思
        一视同仁
        我只是客观描述
        望周知
不攻击互相尊重友好交流为保护对方隐私所有关键信息都已经打马赛克",1647,399,9,,2024-08-11,2024-08-11 13:42:12
"下播了出来吃口羊肉串
        就爱吃肉
        不爱吃碳水
        从小也不爱聚餐
        就喜欢自己或者家里人吃饭
        不喜欢和陌生人吃饭
        不参加任何多于2人的饭局
        从小就不合群
        总是观点特立独行
        这也许就是我吧
        我觉得挺舒适的",590,100,5,,2024-08-11,2024-08-11 01:48:39
"比亚迪宋
        车身稳定系统关闭按钮
        和双闪按钮设计的太近这个设计缺陷
        全网我竟然是第一个提出的
        那些车评人都干嘛呢 
        评来评去
        最基本的按钮安全设计都没做好
        都没人提出来
        真是让人觉得不可思议
以上所指车型仅仅为我个人所开过的车型不代表整个品牌和车系不攻击互相尊重友好交流支持国产新能源车",441,79,6,,2024-08-10,2024-08-10 18:44:17
"完了兄弟们
       锐评比亚迪宋
       这把捅了马蜂窝了
       有无律师朋友
       这种情况一般来说怎么判 
我在锐评视频里都是如实客观独立描述的",1096,113,9,,2024-08-10,2024-08-10 00:39:40
"2023年2月
     我发布第一个购买力视频后
     我一个初中同学通过抖音联系到我
     说拍的不错一定能红
     我记得很清楚当时我回他的是
     昙花一现罢了
     我倒也不是谦虚
     我真的认为我做不了多久的
     我当时也不知道拍啥
     也不知道如何运营自媒体
     没想到1年多过去了
     已经靠自媒体为生了
     所以说还是感谢时代的机遇
     我自己没啥能力的
     都是风口的力量
     图为2020年6月户晨风先生拍照留念",832,89,7,,2024-08-09,2024-08-09 12:05:45
"我试驾2天比亚迪宋的感受 
户晨风2023的微博视频",1397,216,126,,2024-08-08,2024-08-08 12:14:17
"语文作文之殇
        高考应该取消语文的作文考试
        作文的60分的分值应该分配到数理化英语
        原因如下
        1作文没有客观的答案
        2作文很大程度上依据阅卷老师主观感受
        3现在的作文写作更多的在于框架
              而不是内容不能激发学生的思考
        4一篇作文得分47分和得分48分
              谁能告诉我这一分差在哪里 
         但是这一分却对学生的未来
         产生决定性的影响
         综上应该把高考语文作文考试取消
不攻击互相尊重友好交流仅代表个人观点不一定对",690,126,15,,2024-08-07,2024-08-07 18:12:45
"深夜终于把赴日本的签证
       申请资料弄完了 
       新西兰和日本
       未来3个月都会去的
       地球很大
       看看别的地方
       是啥样",459,104,3,,2024-08-06,2024-08-06 23:01:49
"亲爱的网友们
       这是昨天我申请新西兰签证
       所需的全部资料
       昨晚弄到凌晨1点才弄完
       深夜面对这些资料
       觉得自己就像裸体一样
       站在别人面前
       自己上下3代接受别人的审视
       恍惚之间觉得
       什么时候能全球免签就好了
       来一场真正的说走就走的旅行
       唉接着弄日本签证的资料吧",621,103,5,,2024-08-06,2024-08-06 11:55:50
"兄弟们开上比亚迪了
        即将锐评敬请期待",488,108,6,,2024-08-05,2024-08-05 12:19:28
"现在我可以申请日本签证和新西兰签证
        大家说先去哪个国家",1066,254,3,,2024-08-03,2024-08-03 11:15:32
"简体中文互联网关于韩国的所有新闻
        几乎都是谣言
        且没有任何参考意义
        在简体中文互联网阅读
        任何关于韩国的内容
        几乎都是浪费生命
        举例        这则新闻
        这个新闻和青岛大虾38元一只
        有异曲同工之妙
        之所以引起韩国人的众怒
        因为不是常态
        人要有思考能力
        而且我真的去过韩国
        韩国是一个
        高收入高度发达高度现代高度包容
        的国家
        望周知",1354,201,48,韩国一片烤五花肉26元惹众怒,2024-08-01,2024-08-01 19:27:53
"特斯拉Model Y是我开过的
        最好开的
        最智能化的
        人类最领先的汽车
        没有之一
        望周知",715,154,3,,2024-08-01,2024-08-01 16:28:55
"请教各位网友
        如何更加有意思的
        拍每个月的收入公开视频 
        有什么好主意么 
        天马行空的想法也可以
        讲讲",585,107,7,,2024-07-30,2024-07-30 17:06:51
"6月份我赚了4万多户晨风收入公开系列2024年6月 
户晨风2023的微博视频",654,87,12,,2024-07-29,2024-07-29 12:31:48
"你见过凌晨4点的成都么 
        户晨风先生刚起床么 
        不对 
        是还没睡 风尘仆仆的往家赶 
        户先生这么拼为了什么呢 
        真是让人费解
 
成都",321,63,1,,2024-07-29,2024-07-29 03:30:00
"巴黎奥运会开幕式
        成功的展现出了法国的
        开放包容浪漫自由
        甚至自己阳台上都是看客
        好像就是家楼下在开party 
        巴黎不愧为艺术之都
        开幕式我觉得非常好
        没有陈词滥调和乏味的节目
        而是脑洞大开耳目一新的新设计",574,88,12,,2024-07-27,2024-07-27 17:34:08
"户晨风先生将于8月底9月初
        前往新西兰首都惠灵顿
        以及新西兰第一大城市奥克兰
        拍摄新西兰三部曲
        望周知",353,79,2,,2024-07-27,2024-07-27 13:42:41
"长春一撇 
长春",306,56,7,,2024-07-27,2024-07-27 12:27:40
"分享视频 
户晨风2023的微博视频",722,78,46,,2024-07-25,2024-07-25 12:55:43
"户晨风先生凌晨1点
        直播了4小时下播了
        凌晨120分审阅待发布视频
                 140分和剪辑电话会议
                 150分闲下来
       谁能告诉我
       户晨风先生为什么这么拼 
长春",340,58,2,,2024-07-25,2024-07-25 01:53:48
"翻车了兄弟们
        到长春了长春未来6天都有雨
        拍不了视频
        机票住宿血亏2000元
        摄影也没找到
        稀碎
        为之奈何 
        
 
长春",228,58,1,,2024-07-24,2024-07-24 19:04:05
"户晨风先生在长春招兼职摄影
        工作内容给户先生拍摄视频
        设备都有简单操作
        快速上手小白皆可
        工作时间725日28日下午2点开始
        待遇基础工资人民币50元小时
                    20元餐补10元路费补助
                 后期每万播放量15元奖励B站为准
                     购买人身意外险
        要求女本科学历英语四级以上
                    净身高163以上体重110斤以下
                    熟悉东北话人在长春市
不接受全球各地坐飞机高铁特意来为我工作的",437,70,3,,2024-07-23,2024-07-23 16:46:13
"亲爱的网友们
        昨晚直播4小时26分钟
        共收到11400元的礼物
        平台拿50
        我还剩5700元
        在缴纳了24
        即1368元的个人所得税之后
        我实际到手4332元
        通透 性情 豪迈",332,62,3,,2024-07-23,2024-07-23 10:15:29
"实名投诉 
        无缘无故冻我的电话卡 
        手机无网络持续约20个小时
        严重影响我的工作和生活
        显示有4G就是没网
        我还以为是我手机故障了 
        事前无告知对我进行停机
        客服说事前给我发停机短信了
        但是我压根没收到图1
        1打了电信人工客服才跟我说我的手机卡可能被不法分子利用或者长时间不使用图2
         答胡扯真涉及犯罪了我现在就在踩缝纫机了轮得到你电信执法 另外我电话卡每天都在用非常活跃
        2我在开通这张电话卡的时候已经实名认证了但是客服让我二次提交实名资料从而解除冻结但是依旧无法解除冻结图3
         3然后客服让我去视频人工客服让我举着身份证证明自己的身份从而才解冻图4
         毫无尊严    I am angry 
         冻结电话卡事前无通知事后解决很困难 
         关注了3个公众号 
         而且我只有这一张卡有流量浪费了我30元中国移动的流量费 图5
        最主要是由于没网导致我没吃上饭",706,103,9,,2024-07-22,2024-07-22 12:58:08
"今天真倒霉啊
        家里wifi没网网坏了
        用流量家附近的电信基站坏了也没网
        真倒霉啊
        别耽误我晚上直播赚钱啊
        望周知",262,44,1,,2024-07-21,2024-07-21 19:21:21
"尊敬的网友们
        昨晚直播37小时
        收到了5524元的礼物
        平台拿50
        还剩2762元
        再缴纳了24
        即663元的个人所得税之后
        我到手2099元
        感恩各位网友",285,44,4,,2024-07-20,2024-07-20 10:46:46
"辟谣贴
        有网友传言我登上了
        时代周刊Time封面图1
        此为谣言谣言止于智者 
        此为P图切莫相信 
        本人将不承担由此引起的
        民事的及刑事的
        直接的或者间接的
        连代的或者附带的
        法律责任
        望周知",427,60,6,,2024-07-19,2024-07-19 16:24:12
"户晨风先生的草台班子
        做短视频1年5个月
        户先生也有自己的草台班子了
        剪辑1名
        宣发1名
        摄影若干名
        以上都是兼职的
        但是
        户先生给他们的待遇都是拉满的
        凑草台班子
        按照自己的想法来做事
        户晨风励志奋斗的一生",601,77,5,,2024-07-18,2024-07-18 16:19:17
"你说我一个汽修工
        怎么就成了
        全球华人领域著名视频博主呢 
        还是感谢这个时代
        我自己没有什么能力的
        主要是趋势的力量
        感恩",784,104,6,,2024-07-14,2024-07-14 17:04:23
"研究了半天
        还是决定给家里人买
        日本原瓶进口的食用油
        不为别的就是为了吃的放心
        谁家里没有老人小孩啊
        贵点就贵点吧
        日本产品的品质还是让人放心的
        为了防止打广告品牌名我就不说了
        作为普通人
        能做的也就这么多了",598,136,8,,2024-07-13,2024-07-13 14:18:12
"尊敬的网友们
        昨晚直播4小时
        收到了12058元的礼物
        平台拿了50之后
        还剩6029元
        在缴纳了22
        即1326元的个人所得税之后
        我到手4700元
        通透
        感恩各位网友 
哈尔滨哈尔滨太平国际机场",755,104,1,,2024-07-13,2024-07-13 09:46:00
"网友们防不胜防啊 
        食用油事件之后
        我决定只买纯进口的
        原瓶进口的非二次罐装的食用油
        然后我就在某宝上买了个
        澳洲原瓶进口的
        然后发了个微博
        澳洲的网友竟然跟我说
        他在澳洲没查到这个品牌
        而且不止一个人跟我这么说 
        防不胜防啊 一个坑进了另一个坑 
        我该怎么办啊",1820,210,69,,2024-07-12,2024-07-12 12:54:52
"户晨风先生
        将开启下一阶段的全球拍摄之旅",1042,117,3,,2024-07-11,2024-07-11 15:03:59
"食用油之殇
        事件发展到现在
        我还没看到哪个厂家
        要召回产品赔偿消费者
        令人心寒 
        那些有质量问题的产品
        还在销售 
        另外
        我们监督这些企业的方向错了
        一个食品有成百上千个生产环节
        你可能严格监督每一个么 不可能的
        今天是运油车
        明天是装油的塑料壶
        后天是输油管道
        面对现实
        那怎么保证食品安全 
        很简单厂家要对成品负责
        有问题消费者起诉
        进行天价赔偿10亿人民币100亿人民币
        或者消费者集诉讼
        把这些企业赔到破产
        这样才能用最小的成本  
        发挥最大的监督作用",1196,250,39,,2024-07-10,2024-07-10 13:59:04
"本人宣布
        从今天开始
        家里只吃纯进口的食用油
        整桶原装进口的 
        不是进口过来再二次罐装的 
        望周知",835,170,13,,2024-07-10,2024-07-10 13:39:54
"下面向全球公布户晨风先生写真
版权公开可以商用随意使用",1089,155,27,,2024-07-10,2024-07-10 12:36:57
"户晨风先生前往哈尔滨拍摄
        为更好的刺激东北经济发展
        尽自己最大的力量
        即使户先生的飞机
        2030才落地哈尔滨
        但户先生依旧正常直播
        2200点开播
        这就是吃苦奋斗的精神
        努力奋斗吧
        望周知 
南京南京禄口国际机场",567,46,3,,2024-07-09,2024-07-09 19:50:22
"实名支持无人驾驶网约车
        我已经不止一次遇到
        超疲劳驾驶的网约车司机
        十分危险 害人害己 
        我在此宣布
        只要有无人网约车
        本人将抵制有人驾驶的网约车
        有人问网约车司机失业了怎么办 
        我不禁要反问
        汽车发明之后马车夫怎么办 
        挖掘机发明之后工地上的苦力怎么办 
        打印机发明之后抄写员怎么办 
        在市场经济中
        如果不想沦为失业
        就必须提高自己的竞争力
        做大蛋糕才能人人有饭吃
        怕科技变革最终效率低下
        就是人人没饭吃",627,139,8,,2024-07-09,2024-07-09 10:23:41
"户晨风先生出差一次
        拍摄视频的成本要多少钱 
        总计约10200元成本
        成本构成如下
        1飞机票来回约1500元
        2住宿费用3晚4天约1200元
        3随机给陌生人2000元
              随机给3次
              约6000元
        4摄影剪辑工资保险约1000元
        5餐饮打车约500元
        户晨风先生是真正的把赚到的钱回报社会
        每晚含辛茹苦的赚钱
        然后赠与社会上的陌生人
        带动就业和消费 
图1户晨风先生约7岁时拍照留念位置不详",273,67,2,,2024-07-08,2024-07-08 14:47:59
"亲爱的网友们
        昨晚直播24小时
        收到了2522元的礼物
        平台拿50 
        剩下1261元
        纳税20即252元的税  
        到手1009元
        这几天偷懒一下
        之后得加油干了",338,72,0,,2024-07-08,2024-07-08 11:14:28
"户晨风先生出差住宿标准
        国际
        一线城市约1000元每晚
        国内
        一线城市约500600元每晚
        二线城市约400元每晚
        三线城市约300元每晚
        一般来讲
        户先生在国内都是住全季酒店
        且选择03年内新开业的酒店
        原因
        1环境舒适
        2网好
        3隔音
        4选酒店不用耗费精力
               默认全季或者更好的
        户先生为什么不住更高级的酒店 
        因为没有必要户先生仅仅是直播和睡觉
        没有其他需求秉承着努力奋斗的精神",710,126,1,,2024-07-07,2024-07-07 15:58:04
"昨天晚上在直播间讲的
        给聋哑外卖员的打赏记录
        我记错了是23年7月的事
        打赏了10元
        昨晚算是触景生情吧
        潸然泪下
        我能力有限
        希望大家理解",345,58,2,,2024-07-07,2024-07-07 11:00:07
"凌晨1点30分下直播
        洗澡刮胡子收拾行李
        凌晨2点30分睡觉
        早上7点30分就起床赶飞机
        试问谁还会像户晨风先生一样勤奋 
        真乃吾辈之楷模啊",536,76,3,,2024-07-06,2024-07-06 08:46:10
"韩国快递员1天工资能买多少东西户晨风全球购买力系列 
户晨风2023的微博视频",1147,308,82,,2024-07-05,2024-07-05 20:00:32
"亲爱的网友们昨晚直播2小时20分钟
        共收到3768元的礼物
        平台拿了1884元
        纳税376元
        到手1507元  
        真通透啊",334,67,1,,2024-07-05,2024-07-05 10:22:06
"户晨风先生为什么不每天在微博
        公布自己的直播收入了 
        因为太无聊了
        每天直播都是赚10002000
        每天公布一样的内容
        太乏味了
        网友们觉得
        我以后还要持续的更新每天的直播收入么",580,130,1,,2024-07-04,2024-07-04 17:12:27
"明天我将参加B站的官方直播
       给予高考后的考生一些填报志愿的建议
       有兴趣的可以关注一下哦",755,130,7,,2024-07-03,2024-07-03 15:09:58
"户晨风先生准备开启下一阶段的拍摄了 去哪个城市 各位有什么好主意么 
图为户晨风先生2004年左右在江苏省镇江市拍照留念",482,135,1,,2024-07-03,2024-07-03 10:52:44
"澳门奇遇
       我在澳门遭到了公交车司机
       非常粗暴的对待
       对我和我的家里人疯狂嘶吼
       事情经过如下
       7月1日约1506分
       我在澳门银河站
       坐上了25B路公交车
       图1车号he260车牌号Ab5127 
       图2是司机
       上车刷支付宝付费
       由于我的手机没有网络了电话卡到期
       我让我的家里人
       一位女性
       刷她的支付宝乘车码
       刷两次帮我付费
 可以这么操作因为上一班公交车就是这么操作的上一班的司机还跟我们说中间间隔3分钟刷下一个正常扣费的看图3
       我的家里人刷完自己的乘车码
       轮到我了我急忙和司机解释
       等下用她的支付宝给我刷
       这个时候司机开始疯狂怒吼
       你没看错没有任何前缀我的态度很好
       司机吼到赶紧刷怒吼
       然后我态度很好的解释
       我马上过几分钟用她的刷
       司机怒吼到不刷下去
       不行 
       我说上一个车我就是这么做的
       司机怒吼到我的车不行
       以上是我的模糊记忆
       大概意思就是这样
       对我和我的家人伤害太大
       冲击力太强当时我就懵在原地了
       车上所有人都在看我们司机让我下车
       我更是手足无措
       这时有个素不相识的姑娘看不下去了
       主动帮我刷了
       很感谢她后来我把钱转给她了
       图3第一个转账
       然后我坐在公交车上很害怕
       我怕这个司机有极端行为
       因为明显不正常
       直接怒吼而且就是吵架的怒吼
       真的莫名其妙
       我为我说的所有的话负法律责任
       我恳请 
       公布未经剪辑的
       从我上公交车到下车的整个监控过程
       澳门公交车上全车覆盖摄像头的
       让网友们评判一下
       我很喜爱中国澳门这座城市
       我从小就很向往
       但是这种莫名其妙的暴力行为
       我不能接受 
       我全程没有和司机吵架
       没有攻击辱骂司机 
       我很尊重司机
       司机却这样对待乘客让人心寒",1139,197,7,,2024-07-02,2024-07-02 17:01:05
"户晨风先生参观原香港警署监狱
       现为旅游景点请勿恶意解读  
香港",756,110,7,,2024-06-29,2024-06-29 14:19:39
"户晨风先生在中国香港 
香港",575,78,3,,2024-06-28,2024-06-28 21:35:29
"这些年走过这么多城市和国家以及地区
        只有韩国的网速是最快的
        没有之一甚至是快捷酒店
        Wifi速度无与伦比
        高速的网络基础设施
        我将于8月份再赴首尔
        没有对比就没有伤害
        韩国真是不简单啊
 
香港",986,178,5,,2024-06-28,2024-06-28 00:12:13
"香港旺角
        一碗牛肉丸米线38元港币4个牛肉丸
        贵不贵 
香港",332,101,5,,2024-06-27,2024-06-27 21:14:08
"户晨风先生将抵达中国香港
        6月26日7月1日
        户晨风将在香港和澳门度过
        望周知",571,66,1,,2024-06-27,2024-06-27 14:47:34
"我最爱吃的食物牛排寿司汉堡
        主要是卫生而且营养均衡
        真的太棒了
        我记得我从小就爱吃汉堡
        我至今记得2008年的时候
        我妈给我100块钱
        让我跟表哥去吃肯德基的情景",700,146,5,,2024-06-26,2024-06-26 19:06:53
"一切都是刚刚开始
        今天户晨风先生
        将向中国国家金融监管总局
        投诉关于贵司售卖耍猴保险的事项
        我为什么这么做 
        因为我不希望其他消费者被坑
        我一天纳税都将近500元
        我心疼的不是买保险的500元
   图16月初户晨风在新加坡街头留念",1213,160,18,,2024-06-26,2024-06-26 10:15:15
"飞机延误险有大坑我是这么做的 
户晨风2023的微博视频",667,73,22,,2024-06-25,2024-06-25 18:02:38
"高考生选专业尽量不要听父母的意见
        因为你的父母大概率还没你站得高
        找你父母认识的朋友
        或者亲戚里面混的最好的去咨询
        混得好指有钱有地位
        别说我势利眼
        混得好大概率看得远
        当然了可以参考父母的意见建议",632,135,3,,2024-06-25,2024-06-25 12:02:29
"网友们今天我又高兴了
        今日纳税480元
        我的个人所得税税率上涨到了24了
        终于能给社会做更多的贡献了
        一直觉得自己碌碌无为
        终于有一点成就感了",358,68,1,,2024-06-24,2024-06-24 13:27:38
"维权贴
我被航旅纵横坑惨了
        我3月23日在航旅纵横上买了个
        全年延误保障499元
        保障航班延误1年延误就赔图12
        6月22日我乘坐的
        Ca4228次航班
        延误近4小时才到达目的地
        图3是中国国航给我开具的延误证明
        航旅纵横人工客服说
        没有达到理赔条件不认图4
        理赔条件是图2红线处
        航班延误时间以实际到达时间与变更后最新的计划到达时间差值为准
        经常坐飞机的都知道
        航班即使延误了
        也会更新最新的计划到达时间
        举例原本你1点起飞5点到
        延误3小时
        4点起飞8点到
        8点就是最新的计划到达时间航空公司会更新
        按照这个逻辑
        岂不是永远都不会有延误了 
        航旅纵横作为平台方
        就这样审核平台售卖的保险产品 
        坑死我了",1923,226,87,,2024-06-23,2024-06-23 17:36:38
"人一定要顺势而为个人的能力没有多大的
        户晨风先生做短视频亦是如此
        2023年2月
        第一个100元购买力视频
        就有几千万的播放量
        再到后面的养老金视频
        随机给陌生人钱
        收入公开
        全球见闻等系列视频
        享誉全球华人圈
        这一切难道是因为户先生有能力么 
        更大的是时代的机遇
        感谢这个时代
        否则一切都是浮云
        图1约2013年户晨风先生在江苏镇江西津渡摄影留念",714,111,7,,2024-06-23,2024-06-23 11:31:54
"6月26日7月1日
      户晨风先生将在此期间度假
      直播不停止
      请各位网友推荐度假胜地
      国内外都可
      要求免签有机场有五星级酒店治安良好气温适宜
              花销控制在1万元内
图1为户晨风先生2011年7月京沪高铁刚开通在上海虹桥火车站拍摄留念",650,145,1,,2024-06-21,2024-06-21 16:55:06
"5月份我赚了5万多户晨风收入公开系列2024年5月 
户晨风2023的微博视频",342,56,10,,2024-06-21,2024-06-21 12:59:26
"早上好昨晚直播4小时
        共收到18542元的礼物
        平台拿一半
        我到手9271元
        在缴纳了20
        即1854元的个人所得税之后
        我净到手7416元
        感恩各位直播间的总各位网友
        通透",568,128,2,,2024-06-20,2024-06-20 09:20:57
"兄弟们回成都回不起了
        机票太贵了都跟高铁一个价了
        怎么办 
        求支招",322,124,3,,2024-06-19,2024-06-19 12:35:23
"网友们昨晚直播3小时
        收到了10226元的礼物
        平台拿50
        我还剩5113元
        再光荣的缴纳20
        即1022元的个人所得税之后
        我还剩4091元
        直播3小时赚了4091元
        通透 
        感谢各位直播间的总 和网友",560,77,3,,2024-06-19,2024-06-19 09:15:35
"户晨风先生将申请韩国5年多次签证
        我将在未来2月内
        再赴首尔
        不仅要去还要常去
        用镜头真实记录韩国的现状
        大韩民国见闻实录
        我将在韩国聘请一位翻译
        用镜头和韩国底层百姓聊一聊 
杭州",591,204,6,,2024-06-18,2024-06-18 13:03:28
"户晨风先生从一个最普通
        干着最脏最累的活的
        普通的汽修工人
        一步一步
        成为全球华人领域著名视频博主
        如今年入约上百万元人民币
        还有比这更励志更正能量的么 
        所以户先生面对机会
        都努力抓住
        户先生知道在社会上打拼的不易 
上海",827,131,4,,2024-06-17,2024-06-17 12:55:35
"户晨风先生的一天
            830起床
            9点开始工作
                安排员工工作任务
                沟通视频拍摄
                调整视频发布日期
            12点结束上午工作
            13点出酒店门
            14点吃第一顿饭
            15点开始拍摄
            18点结束拍摄
            20点到达酒店
             21点开始直播
           直播3小时30分钟
        第二天凌晨0030分结束直播
             0200睡觉
             循环往复",269,44,2,,2024-06-17,2024-06-17 11:54:00
"老铁们昨晚直播3小时
        总共收到6000元的礼物
        到手3000元
        纳税20即600元的个人所得税之后
        实际到手2400元
        时薪800元
        通透",519,104,4,,2024-06-16,2024-06-16 10:49:34
"户晨风先生韩国见闻实录
        我在韩国公正公允如实拍摄的视频
        触动了很多人敏感且脆弱的内心
        因为简中互联网上多充斥着
        韩国棒子偷国等等言论
        我这次实地拜访韩国
        从首尔到釜山由北到南穿越韩国
        得出的结论让他们大吃一惊
        韩国并不是民不聊生更不是穷困潦倒
        而是发达现代包容富有
        随着我在韩国拍摄的视频最后一部的发布
        简中互联网关于韩国多么不堪的内容
        将被大洗牌 
        望周知",1599,465,28,,2024-06-14,2024-06-14 15:50:16
"早上赶飞机回江苏
        户晨风休息2天之后
        又开始了辛勤的奔波
        早餐简简单单麦当劳
        实惠又卫生
        路边的小早餐店你吃完窜稀",253,62,0,,2024-06-14,2024-06-14 09:52:18
"户晨风先生非工作时间的穿搭
        讲究一个方便舒适 
成都",346,67,1,,2024-06-12,2024-06-12 14:25:26
"拍摄一切顺利收获颇丰真是不虚此行啊
        户晨风先生和全球QS排名16名新加坡南洋理工大学陈女士一起共进晚餐
        我请的客花了近1000人民币
        通透 
新加坡高岛屋购物中心",471,108,0,,2024-06-11,2024-06-11 00:02:48
"新加坡的春熙路
        高端商场负一楼
        吃了个汉堡套餐
        1杯饮料一个鸡排汉堡2个炸鸡胸一个中份薯条一共70元人民币
        贵不贵 
新加坡ION Orchard",156,50,0,,2024-06-10,2024-06-10 14:39:50
"随着户晨风先生韩国3部曲
        第二部的发布
        关于对韩国的讨论愈发激烈
        让子弹飞一会
        真正的王炸在第3部
        望周知 
新加坡",312,48,2,,2024-06-10,2024-06-10 10:46:37
"新加坡的夜静悄悄
        此情此景户晨风先生思绪万千
        这么小的城市创造出这么大的奇迹
        人均GDP约8万美元 
        真乃奇迹 下南洋
 
新加坡",421,76,6,,2024-06-10,2024-06-10 01:03:35
"在新加坡午饭一个拌面一个猪肝肉沫汤一共37元人民币贵不贵啊 
新加坡",787,500,16,,2024-06-09,2024-06-09 14:14:07
"我在韩国送外卖一天赚800元韩国外卖员的一天户晨风全球记录系列 
户晨风2023的微博视频",411,52,39,,2024-06-09,2024-06-09 10:51:00
"户晨风先生在新加坡 
新加坡",359,34,2,,2024-06-08,2024-06-08 18:27:09
"老铁们新加坡一碗过桥米线里面肉啥都有2人份
       卖85元人民币贵不贵 
       心疼啊以后再也不来商场吃饭了只在食阁吃饭510新加坡元就能解决 
新加坡金文泰购物中心",105,47,3,,2024-06-08,2024-06-08 14:24:40
"老铁们新加坡一晚2500元的酒店看看吧
        我人还没到新加坡
        新加坡的一位总就给我定了每晚2500元的酒店总共定了4晚花了1万多人民币
        太感谢了小户这辈子还没住过2500元的酒店呢太奢侈了
        刚刚和这位新加坡的总吃饭人家又花了将近2000人民币吃的和牛太性情了 
        太有实力了 
新加坡新加坡市中心索菲特酒店Sofitel Singapore City Centre",589,58,3,,2024-06-07,2024-06-07 18:53:16
"去新加坡了
        回国待了几天又要离开
        不舍啊
        飞机上也得不停的工作
        努力奋斗才对得起追梦人 
厦门厦门高崎国际机场",287,45,0,,2024-06-07,2024-06-07 09:02:52
"老铁们昨天稀里糊涂的也不知道哪位总给我充的电充了2000多
        昨天提现2165元共纳税410元
        到手1755元
        通透",176,43,1,,2024-06-07,2024-06-07 08:26:06
"有网友问
        户晨风先生
        视频中广撒福音到处发钱
        直播里发表与众不同慷慨激昂的观点
        微博中循循善诱措辞严谨
        到底哪一面才是真实的你  
        答 
        如果你是个学生面对老师导员唯唯诺诺
        但是面对同学网友又愤世嫉俗
        如果你是个上班族面对领导唯唯诺诺
        面对老婆和亲戚又腰板硬起来了
        觉得自己是个人物了
        请问哪一面是真实的你 
        其实都是也都不是人是复杂的多面体
        如果你25岁以上还理解不了以上所说
        建议你多看看易中天品三国
        喜欢户先生哪一面就只关注哪一面
        无论哪一面户先生都是为了钱
        这是毋庸置疑的
 
厦门",257,51,2,,2024-06-06,2024-06-06 21:19:32
"今天直播停播 
        因为明后天高考
        我知道我直播间很多高中生
        我停播一晚少赚2000元 
        我宁愿不挣钱
        我也不能让他们在高考前夕
        沉迷于互联网直播 
        舍小我为大我 
        这就是户晨风先生",654,144,7,,2024-06-06,2024-06-06 11:57:02
"大学宿舍之殇
        大学应该全面取消宿舍
        学生自己去外面租房子住
        提供住宿不是公立大学的义务
        更不应该用纳税人的钱给学生提供住宿
        原因如下
        1公立大学的钱是用来给学生提供教育的应该把钱用在刀刃上提升教学质量
        2大学在解决住宿方面不专业住宿环境差甚至安全得不到保障比如安全通道不畅通火灾疏散问题而且已经发生了一些安全问题
         3大学生是成年人应该解决自己的住宿问题出社会也得自己解决
         4在外租房子反而更便宜现在的大学宿舍不到20平米住68人每人一年10002000的住宿费而且还有3个月不住宿租房子更有性价比
         5如果住学校宿舍便宜是福利应该给家庭困难的同学住而不是给所有人提供因为纳税人的钱是有限的
         
不攻击互相尊重友好交流看好经济发展仅代表个人观点我不一定对数据不一定准确请辩证看待",4611,926,20,,2024-06-06,2024-06-06 10:07:49
"户晨风先生答网友问
        问你是如何开启自己的短视频生涯的 
        答2023年1月底我母亲在上海做完甲状腺癌切除术后在江苏家中疗养
        从2018年2023年初我都很少回家一年基本只回23次所以我决定在家多陪母亲一段时间
        彼时我已经失业将近1年既无收入也无事业
        在2023年2月底发布我第一个购买力视频之前我已经决定在短视频掘金我觉的这是个时代的超级大风口一定要把握住
        在此之前已经自学了剪辑和学习其他大V的视频结构
        23年2月我经常刷到美国100美金购买力英国购买力我在想怎么没人拍人民币的购买力 
        然后就去超市拍了一期
        开启了我波澜壮阔的短视频事业
        我的第一期视频的播放量就是千万级别
        从而激发了我拍摄更多视频的动力
图1户晨风先生在2023年2月在江苏镇江的自拍",578,74,15,,2024-06-05,2024-06-05 22:18:54
"随着户晨风先生在韩国拍摄的韩国三部曲
        陆续的发布
        简中互联网关于韩国水深火热的争论
        将休已 
        一锤定音",636,127,3,,2024-06-05,2024-06-05 13:42:14
"户晨风先生答网友问
        问题1户先生你为什么只有高中学历 
        因为我不喜欢被人管更不喜欢学习我不喜欢的知识所以比较叛逆
        我在初中时我的历史地理都是近乎于满分但是其他科目都不行
        高中时我文化课的学习更是落下一大截
        但课内学习不好不代表我不喜欢学习
        高中时我阅读了大量的课外书籍国富论美国史英国史就业利息和货币通论乔布斯专
        然后高中毕业之后做了汽修工机械工私募基金研究员著名视频博主至今
        我的同学更是遍布全球各地各行各业有在加拿大修发动机的有在国内从事各行各业
  图1左1为户晨风先生在2004左右拍摄",721,197,10,,2024-06-03,2024-06-03 18:37:05
"随着户晨风先生在韩国拍摄的视频
        陆续的发布
        简体中文互联网对韩国的刻板印象
        将大洗牌 
        户晨风先生在简中互联网
        又留下了浓墨重彩的一笔
        数风流人物还看今朝",604,133,3,,2024-06-03,2024-06-03 12:49:18
"有网友发问 
        户晨风先生您说韩国是一个发达文明现代开放包容的国家的依据是什么 
        我在此仅举3例
        1请看图12是我早上醒来系统强制推送的信息图3是翻译后的意思一个小孩在附近失踪大概的体面特征而且这个推送你不可以关闭可以正常使用手机的但是会存在一个小通知
        图45是韩国法律规定地下车库门口的位置必须给残疾人用每个小区都是如此
        此为文明
        2韩国拥有繁荣兴盛的服务业图67商家林立消费者众多且韩国人均GDP在2014年已约3万美元三星现代乐天大韩航空等等赚全世界的钱
        此为发达
        3在韩国期间晚上吃夜宵途中图8曾两次有韩国人主动把没有吃的食物分给我看我在直播还给我加油
        此为包容
        以上韩国这个国家真的是不简单",1535,473,30,,2024-06-02,2024-06-02 15:54:50
"此时此刻接近凌晨1点
        户晨风先生刚落地成都
        回到家还需要近2小时
        试问还会有谁像户先生一样拼呢 
成都成都天府国际机场",250,55,3,,2024-06-02,2024-06-02 00:33:12
"户晨风先生韩国见闻实录
        简中互联网对韩国的评价都是小偷棒子可以说极尽贬低之能事
        以至于我也受到很大的影响
        在未降落在首尔之前我的预期很低
        但在首尔和釜山待了6天后
        有以下4点结论
        1韩国是一个发达文明现代开放包容的国家
        2韩国是一个真正与世界接轨融入世界的国家
        3韩国的社会充满着人与人的温情对陌生人的友善和对规则的遵守
        4大韩民族以后还能再创更大的奇迹大韩民族真是亚洲之星亚洲福音
        以后我还会来韩国旅游带家里人一起来旅游这是我的最高评价了
        户晨风先生在釜山飞往上海的飞机上发出以上感慨",2133,560,31,,2024-06-01,2024-06-01 18:21:49
"老铁们今天这顿午饭只要62人民币
        一个大猪排一碗乌冬面
         2个小菜1个汤
         真是不贵啊 此间乐不思蜀 
韩国Busan沙上",599,129,2,,2024-06-01,2024-06-01 12:14:22
"又来吃核辐射海鲜了真好吃啊
       2个海螺5个黑虎虾2个八爪鱼一共240元
       虾还给你剥好摊子挺干净的 
韩国南浦洞",400,104,2,,2024-05-31,2024-05-31 19:28:55
"户晨风先生在韩国釜山的拍摄圆满结束 
        努力奋斗才能梦想成真 
        明天下午6点户晨风先生将离开韩国
        回到心心念念
        夜不能寐魂牵梦绕的故乡 
韩国釜山",210,41,1,,2024-05-31,2024-05-31 17:05:07
"首尔见闻
        首尔真是一个文明发达现代的国际化城市
     1基础设施健全且高效服务的恰如其分
     2非常的安全凌晨1点走在路上十分安心
     3人与人之间和谐融洽十分有礼貌
     4不同国家不同地域的人在此交流碰撞
     5社会运营合理游客舒适放心高效
     韩国不愧为发达国家短短20多年
     从赤贫到人均GDP近4万美金
     步入发达国家行列
     真是首尔奇迹 
韩国首尔",1646,458,16,,2024-05-30,2024-05-30 11:11:06
"2015年7月
户晨风先生在中国满洲里中俄边境拍照留念",89,26,1,,2024-05-30,2024-05-30 11:03:08
"首尔时间凌晨2点户晨风先生下直播了
        直播了近4小时脖子酸痛 
        赚了1954元纳完约23
        即450元的税之后到手约1500元
        明天我将赶赴韩国釜山 
韩国Seoul korea",129,44,0,,2024-05-30,2024-05-30 01:04:53
"时间真的不够用全球各地跑
        陪伴家人的时间太少了心里不免愧疚
        户晨风先生
       6月1日晚上2330分到达成都天府机场
             2日有饭局
             3日去四川广安
             5日应约参观字节跳动成都公司预计
             6日成都飞厦门
             7日抵达新加坡 
韩国Seoul korea",229,56,3,,2024-05-29,2024-05-29 15:30:15
"首尔核心城区
        旅游的地方一个拌饭一个鸡蛋玉子烧一共100元人民币贵么 
         小菜都是免费的",260,150,6,,2024-05-29,2024-05-29 13:49:31
"在韩国地铁坐1号线来回换乘太复杂了 搞不懂路在地铁站里问韩国大叔英文交流
        直接给我领到站台站台很远还得坐电梯跟高铁站一样
        真是热心啊 
韩国Seoul korea",373,66,0,,2024-05-29,2024-05-29 11:22:29
"户晨风先生在首尔 
韩国首尔",163,38,2,,2024-05-28,2024-05-28 18:59:53
"早上好
        昨晚北京时间凌晨2点睡觉
        8点30就得起床
        时间不够用催人跑的感觉 
        昨晚直播4小时
        简简单单赚了2156元
        纳税近500元
        我骄傲
 
韩国仁川",235,40,0,,2024-05-28,2024-05-28 08:36:36
"卧槽一起送了6小时外卖
      我只记录我不送不涉及工作不涉及驾驶遵守韩国所有法律记录是出于我的自发 
       送麻了 送外卖真辛苦啊 不停的从一个地方到另一个地方 
        真是钱来之不易",216,29,2,,2024-05-27,2024-05-27 17:48:53
"我在韩国送外卖拍摄中
不是我本人送我只是第三方记录不涉及工作本人没有任何报酬 
韩国仁川",268,53,3,,2024-05-27,2024-05-27 13:36:12
"这是户晨风先生接下来15天的行程 
        早上好吃早饭了么 
        望周知",282,50,0,,2024-05-27,2024-05-27 08:42:39
兄弟们直播完出来走走这条街上花里胡哨的写的韩文我也看不懂感觉不太正能量啊有懂的么,306,51,0,,2024-05-27,2024-05-27 00:05:59
"这酒店360人民币一晚还行吧挺大
        但是为啥床头这么大一面镜子啊 
        这镜子是干啥用的 房间里老多镜子
        谁会在床上照镜子 
        为啥韩国的酒店都带电脑 
        另外晚饭一份牛肉大骨头带米饭90人民币
        你们觉得怎么样 
韩国한국방송통신대학교 인천지역대학 Korea National Open University Incheon Regional Campus",319,58,0,,2024-05-26,2024-05-26 20:11:35
"兄弟们韩国的机场大巴真高级啊航空座椅带腿脱空间非常大真的舒服还不贵半小时的车程48元人民币
        刚出机场就感觉大韩民族不简单啊 
        短短20多年创造的奇迹 
        再看看北边的兄弟真是令人唏嘘",572,166,5,,2024-05-26,2024-05-26 18:08:54
"户晨风先生已抵达韩国 
韩国",351,64,5,,2024-05-26,2024-05-26 17:17:38
"户晨风先生正在前往韩国首尔的路上
        户先生一直信奉努力奋斗才能梦想成真",290,59,4,,2024-05-26,2024-05-26 12:13:45
"2022年约5月份
        我受朋友邀请前往成都市环球中心参加一家新筹建的私募投资策略研讨会商讨未来的投资标的物投资金额是亿为单位
        会上公司的打工人包括邀请的成都市其他私募的投资研究人员都到齐了
        但是公司的大股东也就是投资人一家四川省地方房地产的家族企业缺姗姗来迟
        等了大约30分钟对方一家人才到
        我对这一家人的第一观感不好因为男的很胖女的打扮的很嘻哈没有歧视的意思就是单纯不喜欢
        对方一行4口人到会场之后很有礼貌道歉来迟了并且把一盒在山姆买的麻薯放会议桌上让大家分了吃
        那盒麻薯很多也很大那么多人一人分了一个竟然够
        我吃了一个但是不好吃
        会上大家商讨投资标的物轮流发言最后是投资人大老板房地产大老板60多岁做表态
        其他人都是泛泛而谈乏善可陈莫衷一是毫无判断
        我的发言直接让全场瞩目原本沉闷的会场竟然弥漫着一丝丝紧张的气息
       我始终秉承着不痛不痒的话说了等于没说
        说话要有结论和判断看好还是不看好直接点不要废话
        会议结束也是很巧是老板大公子的生日一群人在给他庆生说组织吃饭我也很识趣不便打扰毕竟不熟就和朋友打招呼识趣的提前退场了
        后来没几个月公司解散了因为牌照拿不下来这是我朋友跟我讲的这个朋友到今天我们关系也很好说实话我对这个结论存疑
        这就是昨天我在山姆超市看到麻薯想起的一件小事
        与君共享",408,137,14,,2024-05-11,2024-05-11 08:45:37
"凌晨1200下直播
         0100收拾好行李睡觉
         0600起床赶往机场
         0733到达机场
         0823登上飞机
         努力奋斗才能梦想成真啊
         干就完了不知疲惫 
成都成都天府国际机场",239,47,3,,2024-05-11,2024-05-11 08:27:44
"户晨风先生将于明日赶往宁波拍摄
        宁波拍摄完毕将于5月15日赶赴北京
        和于中美会面
        望周知",235,36,0,,2024-05-10,2024-05-10 19:10:19
"户晨风先生第一次逛美国山姆超市
        图5户晨风先生看到山姆的麻薯想到了在私募基金的峥嵘岁月
        稍晚户晨风先生将会分享麻薯与私募基金那些事",261,65,2,,2024-05-10,2024-05-10 16:57:48
"昨晚直播3小时简简单单赚了1200元
        纳税240元到手960元 
        我爱纳税 
        通透",629,113,7,,2024-05-10,2024-05-10 12:44:28
"户晨风先生是干汽修工的出身
        干的都是最脏最累的活
        身上都是机油和灰尘
        所以户先生做人做事都努力的抓住机会生怕错过 
       图1户先生2017年在汽修厂的照片
        早上好昨晚直播42小时赚了2451元纳税490元到手1961元
        通透",568,114,6,,2024-05-09,2024-05-09 09:53:56
"全球华人领域著名视频博主户晨风先生
        开启全球招聘
        在首尔釜山招聘兼职摄影
        要求
        1精通韩语
        2女性优先
        待遇
        工资100元人民币小时
        餐补50元
        路费补助30元
        拍摄视频播放激励分红
        工作时间5月下旬
        工作时长24小时
        工作地点首尔釜山市区范围
        有意者私信我
        
韩国首尔",941,116,6,,2024-05-08,2024-05-08 10:16:18
"户晨风先生刚刚结束了4个多小时的拍摄
        紧急赶赴家中进行直播
        努力奋斗才能梦想成真",325,46,0,,2024-05-07,2024-05-07 20:54:42
"兄弟们朋友早上又睁眼了 
        昨晚直播2小时涨了1700元今早又提现了2000元纳税320元 
        通透",119,26,0,,2024-05-07,2024-05-07 09:48:44
"户晨风先生的韩国签证通过了首尔见
户晨风先生将在5月底抵达韩国首都首尔
望周知
招聘启事
        户先生需要一名在首尔的兼职摄影工资人民币60元小时餐补30元人民币路费补助20元人民币需要精通韩文女性优先需成年有意者请私信我简历",785,126,2,,2024-05-06,2024-05-06 19:13:22
"老铁们早上又睁眼了 
        昨晚直播2小时挣了2700元早上一起来又提现2000元纳税350元 
        我骄傲 通透 
成都",573,105,2,,2024-05-06,2024-05-06 10:31:46
"睡醒了兄弟们 
        昨晚直播3个半小时礼物流水22万到手11万纳完20的个人所得税之后既2200元的税之后到手8800元 
         通透了 
         感谢各位网友 我爱直播",816,117,7,,2024-05-05,2024-05-05 09:11:55
"户晨风先生吃完就准备开启大型直播
比萨牛排寿司都是户先生爱吃的食物 
成都",665,88,0,,2024-05-04,2024-05-04 20:16:53
"离开互联网14天治好了我的精神内耗
       户晨风先生即将回归倒计时3天 
       没有网友们的这14天里我夜不能寐 
       辗转反侧 
       真可谓是
       垂死病中惊坐起拔剑四顾心茫然",1891,262,30,,2024-05-02,2024-05-02 13:13:43
"户晨风先生由甘肃省返回南京
望周知 
兰州",756,134,2,,2024-04-07,2024-04-07 14:28:38
"重要公告  
        户晨风先生拟在4月份于成都线上直播间召开2024年1季度股东大会汇报盈利情况答股东网友问",912,152,10,,2024-04-05,2024-04-05 13:25:28
"兄弟们高消费了啊
        今天又买了个大疆的新麦克风总共花了2700元
        买设备的钱都是最有性价比的别在乎这仨瓜俩枣
        拍出一个好视频一切都回本",107,20,1,,2024-04-05,2024-04-05 11:12:14
户晨风先生在甘肃省拍摄,200,35,0,,2024-04-04,2024-04-04 17:46:10
"不直播不代表不工作
        晚上2337分
        户晨风先生还在加班整理3月份全网的收入财报
        以便能够及时的向全球网友们公开财务情况 
        敬请期待",219,38,0,,2024-04-03,2024-04-03 23:40:11
"1点睡觉4点10分起床赶飞机
凌晨4点的成都
干就完了 
成都双流国际机场",83,26,0,,2024-04-03,2024-04-03 05:03:13
"小米之殇
        本人已体验过小米SU7以下仅为本人的主观体验请认真甄别 
        小米汽车大概率销量不好
        原因如下
        1空间小
             本人身高17965cm体重128斤
             前排副驾驶放脚的地方角度过大个人感觉大于45脚很难受图1感觉脚放不下来
       2后排座椅不舒服
             小板凳一样大腿前部腾空没有支撑图2乘坐难受
       3不适合家用
             综合乘坐下来只适合最多4人乘坐且会挤个人主观感受想带老婆孩子父母显然会非常挤得慌
        总结小米汽车方向错了应该开发中大型suv而不是所谓的不实用的轿跑
        本人是小米用户不攻击互相尊重友好交流我只是对小米提意见不代表唱衰小米看好小米",508,109,7,,2024-04-02,2024-04-02 11:36:18
"上海骑行遇困难街边假乞讨户晨风全球揭露假乞讨系列 
户晨风2023的微博视频",368,73,12,,2024-04-02,2024-04-02 11:31:01
"早上5点50分户晨风先生已经奔波在路上了赶往机场飞往成都 
福州",103,33,0,,2024-04-01,2024-04-01 05:51:58
"这个我来捞一下也是确实好用才会推给大家这款在模拟人手按摩这方面很厉害不仅是单纯按肉更多是贴合你肩颈的穴位发力力度完全作用在肌肉上仿手捏感很强完全就是把按摩师傅带在身边的感觉
送长辈他们应该也会很喜欢这个感觉送出去会被夸的 
网页链接",72,13,0,,2024-03-27,2024-03-27 16:46:06
"拍摄完视频回到酒店立刻剪辑饭点了点个外卖努力奋斗才能梦想成真啊 
        干就完了  
上海",110,31,0,,2024-03-26,2024-03-26 19:16:02
"微信这个垃圾软件我给房东转账交房租竟然限制我账户交易让我解释钱怎么来的还让我上传聊天记录 
        你大爷的钱是我一分一分辛苦挣得提供啥证据 你跟我说说
        让马化腾晚上9点来我直播间看直播吧
        申诉还申诉不过真是垃圾东西浪费我20元的提现手续费",929,203,24,,2024-03-25,2024-03-25 17:47:46
"凌晨1点钟下直播1点30睡觉早上610分起床睡了不到5小时户晨风先生就起来奔波了赶赴成都双流机场
        努力奋斗才能梦想成真啊 
成都",59,17,0,,2024-03-24,2024-03-24 07:04:11
"户晨风先生未来2周工作安排
        3月24日  成都飞南京
               25日26日  在家
               27日29日在上海拍摄
               31日   南京飞福州
                           在福州和兼职员工见面讨论工作
           4月1日   福州飞成都
                 2日   全天在成都办公
                 3日   成都飞嘉峪关
                 7日   嘉峪关飞南京
                 望周知",41,17,0,,2024-03-23,2024-03-23 10:07:35
"告别脊椎杀手享受仿人手按摩的舒适体验
您是否每天长时间坐在办公桌前感受着腰椎颈椎的不适在我国成年人每天平均久坐95小时腰椎颈椎问题者已突破3亿长时间的久坐和固定姿势已经成为了当代人的脊椎杀手年轻人更是成为了脊椎科的主力军肩周炎肌肉酸痛背部沉重等问题接连不断
而斜方肌的僵硬和肩颈经络的不畅不仅会导致含胸驼背体态前倾等多种形态问题还可能引发富贵包等健康隐患如果不及时排酸这些问题将会越来越严重
然而现在有了妙界mini肩颈按摩仪R3这些问题都可以得到有效的缓解这款按摩仪采用仿人手虎口夹揉技术强劲夹揉掐捏能够一步到位地放松脖颈斜方肌8d软胶按摩头上方四头夹揉肩颈下方两头掐揉肩背仿人手触感大面积直击肌肉酸痛处NTC智能恒温技术提供4045度的恒温热敷超大范围热敷让您感受到温暖和舒适
而且它还采用了无线设计全身可用不仅限于肩颈腰背连腿部都能揉捏轻巧的机身只有11kg穿戴式设计让您摆脱双手束缚想怎么按就怎么按一键操作简单易上手老人小孩都能使用可拆卸的枕套还可以定期清洁水洗保持卫生
与其他6d按摩仪相比市面上均在500甚至700而妙界日常仅需400我推广更是低至300而且真正做到了仿人手设计上方四头夹揉肩颈下方四头掐揉肩背力道酸爽强劲堪比老师傅手法高颜值的baby蓝外观加上轻巧便携的设计让您随时随地享受按摩的舒适体验
别再忍受脊椎问题的困扰了快来选择妙界mini肩颈按摩仪R3为您带来仿人手的舒适按摩体验吧大鹅卷在平仑区机会难得赶快行动吧",34,10,0,,2024-03-21,2024-03-21 14:18:31
"户晨风先生已抵达成都预计在成都工作5天望周知 
成都",58,15,1,,2024-03-20,2024-03-20 13:13:09
"业绩预告
          截止2024年3月19日
          户晨风直播间2024年3月净利润环比上月增长约150  同比去年同期增长约2300
          望周知",125,42,1,,2024-03-19,2024-03-19 15:37:30
"户晨风先生已抵达郑州将于周三返回成都工作望周知 
郑州",60,15,0,,2024-03-17,2024-03-17 23:05:55
约2004年前后户晨风先生在江苏镇江长江边拍摄留念,221,49,0,,2024-03-17,2024-03-17 09:47:25
"沈阳拍摄一切顺利 
        户晨风先生将于明晚抵达郑州 
        望周知 
沈阳",79,22,0,,2024-03-16,2024-03-16 18:03:26
"户晨风先生赶赴沈阳拍摄 
南京南京禄口国际机场",61,26,0,,2024-03-13,2024-03-13 16:50:24
2017年3月户晨风先生右1在江苏镇江某汽修厂工作期间全体员工合影留念,126,21,2,,2024-03-13,2024-03-13 01:35:22
2018年1月户晨风先生左1和好友在南京某餐厅拍照留念,171,18,1,,2024-03-11,2024-03-11 12:00:17
户晨风先生赶赴上海,99,16,0,,2024-03-11,2024-03-11 10:22:00
2019年2月户晨风先生在济南大明湖畔帮来自四川成都的陌生母子拍照留念,94,25,1,,2024-03-10,2024-03-10 19:38:44
"晚上在郊区坐在车里直播工地旁边晚上根本没啥人没想到这都碰到认识我的网友了
我是坐在车里面直播的啊",82,20,1,,2024-03-10,2024-03-10 15:53:24
"刚睡醒昨天晚上直播4小时挣了简简单单2600元纳税520元感恩各位网友感恩各位衣食父母吧
        江东父老能容我不使人间造孽钱",284,64,2,,2024-03-09,2024-03-09 09:11:53
户晨风先生返回江苏工作在机场等飞机也不空闲努力奋斗才能梦想成真 奥利给,94,31,0,,2024-03-08,2024-03-08 11:45:38
"在飞驰的高铁上感慨万千 
        你说我一个汽修工怎么就到成都做私募基金而后成了一名自媒体博主了呢 
        人的命运啊真的是不可预知
        一个人的命运当然要靠自我奋斗但同时也要考虑到历史的行程
        图3户晨风先生右一高一时期和挚友拍摄留念 
成都",152,50,0,,2024-03-06,2024-03-06 17:14:21
户晨风先生接下来一周的行程望周知,54,13,0,,2024-03-05,2024-03-05 20:49:35
"2月份我赚了多少钱户晨风收入公开系列2024年2月 
户晨风2023的微博视频",127,21,7,,2024-03-04,2024-03-04 11:54:15
"昨晚11点刚回到成都户晨风先生便投入工作中  
        努力奋斗才能梦想成真 
成都",74,16,0,,2024-03-04,2024-03-04 09:58:43
"户晨风先生已从厦门抵达成都天府机场另户先生将于本周五抵达江苏望周知 
成都成都天府国际机场",49,14,0,,2024-03-03,2024-03-03 20:12:17
"户晨风先生离开新加坡赶往厦门望周知
 
新加坡新加坡樟宜国际机场Changi Airport",129,25,0,,2024-03-02,2024-03-02 15:25:03
"面包店营业结束之后
        没有卖完的面包就是得扔
        理由如下
        1如果不扔没办法处理免费送就会导致一部分消费者不买面包只等着面包店快打烊的时候免费送
        长期而言对面包店的伤害更大因为免费送的面包人家可以第二天甚至第三天吃严重影响面包店业绩
       2免费送存在风险
             吃出问题要负责的但是自己本身一分钱也不挣收益为0但是风险全担这不公平
        结论卖不完的面包卖不掉的牛奶就是得扔掉也不能免费送 
新加坡新加坡国家图书馆",205,61,6,,2024-03-01,2024-03-01 13:37:20
"户晨风先生远眺新加坡海峡 
新加坡",110,30,0,,2024-02-29,2024-02-29 16:46:44
"2月28日
      户晨风先生在新加坡参观学习
      图1在新加坡街头
      图2游览新加坡滨海商业区
      图3参观全球排名第6的新加坡国立医院
      图4参观新加坡国立大学 
新加坡",269,54,17,,2024-02-28,2024-02-28 19:18:31
"应该最低成本处理流浪猫流浪狗
        比如把流浪猫狗卖给鳄鱼养殖场
        而不应该安乐死原因如下
        1安乐死流浪猫狗成本过高单只成本约90元人民币左右一年至少处理上百万只流浪猫狗至少花费上亿的成本钱应该用在刀刃上比如教育医疗而不是流浪猫狗
        2安乐死流浪猫狗谁来监督这笔钱的用途 这又需要监督成本附带成本过高
        3卖给鳄鱼养殖场反而能盈利反哺给纳税人进而能更多的捕流浪狗
        很多人说我残忍恰恰相反我是在乎人的生命每年流浪猫狗攻击儿童老人甚至成年人的例子不计其数
        造成很多人受伤甚至是死亡 
        如果不捕捉然后无害化处理那么该如何解决 请你给我一个比我更好的解决方案
        如果没有我这个就是最好的解决方案
        不攻击互相尊重友好交流",3911,1262,60,,2024-02-27,2024-02-27 22:39:56
"户晨风先生在新加坡
        图1为户晨风先生在新加坡拍摄期间遇到网友一起合影
        图23为户晨风先生在新加坡有关场所参观注户先生并没有信仰但是尊重信仰仅当景区参观请勿恶意解读 
新加坡",66,17,0,,2024-02-27,2024-02-27 22:21:59
"两个一人份套餐总共17新加坡币 人民币85不贵好吃干净 通透 
新加坡",306,69,4,,2024-02-26,2024-02-26 19:03:44
"节假日高铁之殇
        高铁运营存在巨大的问题
       1节假日应该把一列高铁一半的座位拆了甚至90的座位拆了只卖站票
       2节假日剩下10的座位票应该高价出售出售给真正有需要的人
       3只有这样才能在有限的高铁运营车次内尽可能高效的运送更多的人
        高铁本来就卖站票卖更多的站票这是解决节假日高铁列车不够的最佳方案你在节假日在乎的不是有没有座位而是能不能尽快到家",482,113,20,,2024-02-26,2024-02-26 19:02:02
"户晨风先生已抵达新加坡 
新加坡新加坡樟宜国际机场Changi Airport",150,28,1,,2024-02-26,2024-02-26 15:44:48
"出发新加坡了我将于3月2日晚上返回
        望周知 勿念 
成都成都天府国际机场",107,25,0,,2024-02-26,2024-02-26 09:54:13
"疑似常州机场工作人员投诉下架我的视频我是这么应对的户晨风全球随手拍系列 
户晨风2023的微博视频",146,41,1,,2024-02-25,2024-02-25 09:43:53
兄弟们1000新加坡元在新加坡正常花能花多久,103,20,1,,2024-02-23,2024-02-23 17:48:43
"告网友书
        户晨风被威胁杀全家案并没有结束
        无论最终怎么处理威胁者也不影响我对威胁者发起民事起诉我将4赴南宁解决此事 
         民事诉讼有效期3年时间充裕
         我将从新加坡回国后积极处理此事 
         望周知",183,40,0,,2024-02-22,2024-02-22 17:07:55
2017年8月户晨风先生在镇江五峰山长江大桥施工现场留照,130,32,1,,2024-02-21,2024-02-21 18:58:32
早上好吃早饭了么,98,32,0,,2024-02-21,2024-02-21 10:06:04
"户晨风先生已抵达成都 
        望周知",94,51,1,,2024-02-19,2024-02-19 17:12:49
"你的消费你的选择决定了这个世界未来的走向
        这两天开通了
                剪映的年度会员128元
                提前开通了B站的超级大会员
          虽然B站的超级大会员我根本用不到但是我在B站吃饭我希望B站好 
          要付费要向自己认可的东西付费这样他们才会越来越好",87,20,1,,2024-02-19,2024-02-19 13:46:55
"流浪狗之殇
        应该全面捕杀流浪猫狗且依法以最低成本无害化处理
        1流浪猫狗携带狂犬病毒对人类安全造成致命威胁
        2流浪猫狗本不属于生态链一部分破坏生态平衡
        3无害化处理流浪猫狗应该以最低成本的方式来处理不能安乐死因为太贵
        4严惩喂养流浪猫狗的人应该承担民事及刑事责任",4793,1130,80,,2024-02-17,2024-02-17 18:37:50
"1月份我赚了3万多户晨风收入公开系列2024年1月 
户晨风2023的微博视频",203,50,9,,2024-02-16,2024-02-16 13:06:10
昨天直播3小时赚了1600元早上一醒来又提现1580元缴税252元通透,42,10,1,,2024-02-16,2024-02-16 12:16:26
"作为中产阶级不买医疗险出国不买意外险和医疗险
        因此付出几十万甚至百万的医疗费我不可怜你
        成年人有风险意识这是最基本的我这次去新加坡还没出发就提前买好了新加坡的医疗险和意外险而且买的高端的花了120普通的就60
        不想把钱让别人赚那你就自己承担所有风险吧",71,19,4,,2024-02-15,2024-02-15 18:39:00
"户晨风先生将于2月26日抵达新加坡望周知
        图1是户晨风先生2月3月初的行程安排望周知",69,25,3,,2024-02-14,2024-02-14 20:28:38
"运动员之殇
        应该取消对运动员的一切工资补贴待遇就不应该养一群运动员
        1不应该让一群身体健康的运动员被纳税人的钱养着
        2自己想做运动员自己花钱请教练租运动场地
        3自己没钱还想练体育就去社会上募资找投资人找不到就不要练因为募资也是能力的一部分
        4花纳税人的钱养运动员运动员失败了纳税人承担代价运动员成功了荣誉金钱属于自己还是纳税人承担代价这不对等",226,47,5,,2024-02-14,2024-02-14 12:27:23
"昨晚直播3个半小时共收到3890元的礼物我到手1945元纳税389元税后到手1556元
       我纳税 我骄傲
喜极而泣",512,79,17,,2024-02-14,2024-02-14 12:04:00
两天没直播了今天提现发现只能提100多元了必须要大播特播,117,25,1,,2024-02-13,2024-02-13 09:03:26
"重要声明
        本人仅有B站微博抖音这3个平台的视频账号其他一切平台均为冒充 
        望周知",61,33,3,,2024-02-12,2024-02-12 09:47:47
"兄弟们又挣到钱了昨晚直播3小时挣了1500元感谢各位直播间的网友 
       今天我一睁眼又简简单单提现2000元纳税320元我骄傲",234,44,4,,2024-02-11,2024-02-11 10:46:43
大年初一感谢直播间各位网友厚爱昨天晚上直播3个多小时简简单单收入4100元纳税850元感恩吧,700,78,14,,2024-02-10,2024-02-10 11:16:34
挣到钱了兄弟们 早上又纳税320元,197,32,6,,2024-02-09,2024-02-09 09:50:14
"梅西事件
        结论主办方承担全部责任
        1梅西是否遵守了合同 
              如果遵守了无可厚非
              如果没有遵守应该承担违约金
              违约金赔给购票球迷
        2你球迷购票是和主办方发生的合同不是和梅西有什么问题应该找主办方
        3如果梅西遵守了合同那说明主办方不专业签合同极其业余 没有约定好义务
        一切以合同为准道德是用来约束自己的法律是用来约束他人的",163,43,11,,2024-02-08,2024-02-08 01:06:17
早上好尊敬的微友今天健身了么,168,33,2,,2024-02-06,2024-02-06 09:19:19
"重要声明
        本人户晨风自2020年8月起未曾卖出持有的任何一股A股股票
        用自己的行为用自己的真金白银看好A股的未来

         特此声明",85,17,0,,2024-02-05,2024-02-05 15:13:44
"烟花爆竹之殇
        结论应该全面禁止燃放烟花爆竹
        原因如下
        1烟花爆竹每年造成他人财产损失的例子不计其数包括但不仅限于车子燃烧房子起火行人被炸伤而这些案件绝大部分找不到肇事者
        2烟花爆竹剥夺了他人的休息权很吵声音巨大
         以上两点如果得不到解决烟花爆竹应该一直被禁止燃放 
上海",123,34,3,,2024-02-04,2024-02-04 17:42:53
"中餐之殇
       1中餐调料太多调味太重根本不是吃食材本来的味道
       2各种各样的碳水摄入主要吃碳水十分不健康
       3由于中餐重油重盐导致后厨卫生十分难保障
       我个人工作餐主要吃汉堡碳水肉蔬菜都有且后厨卫生干净比一碗面条一碗米饭健康太多了 
上海",304,91,4,,2024-02-04,2024-02-04 13:43:35
"户晨风先生在上海 
上海",91,24,0,,2024-02-03,2024-02-03 18:17:59
"国货之殇
        我生活中能力范围之内都是尽量避免购买国产品牌的原因如下
        1维权困难
              国产品牌出现质量问题违法添加某些东西虚假宣传的情况下个人消费者面对厂家维权成本太高本人就面临过这种情况比如某某某药违法在牙膏中添加氨甲环酸此事最后不了了之我深受其害
               但是如果外国品牌有违法情况我都不用自己维权就有一堆人帮我维权
        2价格过高
              同样质量同样功能的国货产品甚至价格高于进口产品很多服装衣物也是如此一些主打国货的服装品牌价格比耐克阿迪贵的多何谈性价比 
        3售后保障
              外资品牌大多企业经营历史较长你不用担心它明年倒闭了或者售后没了而有些主打国货的品牌过几年一看品牌都没了你买的那些玩意直接没售后了
        结语
                  作为消费者趋利避害这是人之常情只有有了竞争国货才会变好竞争是啥 就是谁好选谁",320,73,9,,2024-02-02,2024-02-02 10:06:21
停播2天不直播晚上已经不知道要干嘛了,100,26,0,,2024-02-01,2024-02-01 21:44:46
兄弟们又醒了 昨晚简单直播4小时挣了大约3000早上一睁眼又纳税240提现1760感恩吧盖了帽了,159,40,1,,2024-02-01,2024-02-01 09:15:03
"白酒之殇
        酒文化是糟粕文化的巅峰代表之作
        1根本没有什么酒文化只有酒桌文化目的就是逼你喝酒
        2任何一个味蕾正常的人都不可能喜欢喝白酒你喜欢的只是白酒背后所代表的东西
        3白酒根本没有好坏真假之分你也品不出来是真是假你喝的仅仅是那个瓶子
        4能够把一类致癌物幻想出各种对身体好的功能真是臆想的巅峰了
        不攻击互相尊重友好交流",358,87,31,,2024-01-31,2024-01-31 13:34:16
早上一睁眼昨天加起来又赚了1000多纳税300元微博昨天赚了120感恩吧,74,19,0,,2024-01-31,2024-01-31 10:52:00
"我不买格力的产品同种类产品有选择我会买日本品牌的
        不知道为什么会引起这么大的轰动 
        实事求是的来讲日本品牌做的时间久口碑好产品本身也没毛病消费者趋利避害选择可靠品牌很正常啊
        我日常生活中我能负担的起的基本都是优先买进口的东西
         这有什么问题么 
         不攻击互相尊重友好交流",453,178,16,,2024-01-31,2024-01-31 00:09:17
"重要声明
        因格力电器2024年年会不符合本人价值观
        从2024年1月30日起本人将不再购买任何格力电器的产品及其控股品牌产品将会选择美的或者同产品的日本品牌产品望周知",8889,1826,222,"格力,格力电器,董明珠",2024-01-30,2024-01-30 13:15:00
户晨风先生将于2月3日抵达上海,76,29,0,,2024-01-30,2024-01-30 12:35:07
早上一睁眼就提现1520元缴纳了480元的个人所得税我纳税 我骄傲,109,35,0,,2024-01-30,2024-01-30 09:02:58
"英国钢琴事件
        观点我旗帜鲜明的支持钢琴家在公共场合自由拍摄的权利此举也符合英国法律
       1如果你不希望在公共场合被拍摄到请你把头遮起来包括但不仅限于戴口罩戴墨镜拿垃圾袋蒙头
       2你节目保密和其他人有啥关系 你保密你自己应该做好保密措施而不是让其他人把眼睛闭上把摄像头挡起来
       3你可以不爽别人拍你但这就是英国法律请遵守所在国法律",222,58,5,,2024-01-29,2024-01-29 17:30:51
"经络之殇
       1压根就不存在经络这个东西
       2证有不证无如果存在经络请拿出证据
       3拿不出证据就不要幻想经络的存在",238,83,6,,2024-01-29,2024-01-29 17:25:02
这一队排了这么长全是化疗输液的,48,13,0,,2024-01-29,2024-01-29 14:21:10
"大学应该私有化
       1谁上大学谁付费
       2凭啥你上大学却要其他人承担成本 
       3减轻纳税人负担
       4提高大学效率
       5大学私有化后没有未来的科研项目会被砍掉
        6全世界最优秀的大学几乎都是私立的
        谁上大学谁付费大学生本来就是一群优秀的人现在却需要更多的普通人为大学生的学费而付费于情于理说不过去而且大学的经费都是天文数字少则几个亿多则上百亿不应该让社会大众来承担因为大部分人都没有享受到其中的好处",614,252,23,,2024-01-27,2024-01-27 16:49:46
该省省该花花发个微博不但泡面钱赚回来还能赚个牛奶钱天底下哪有这种好事,115,27,0,,2024-01-27,2024-01-27 13:36:00
"南宁街头卖甘蔗的一家三口父亲的担当与家庭的责任户晨风全球给陌生人1000元系列 
户晨风2023的微博视频",105,15,3,,2024-01-27,2024-01-27 10:04:51
"医院私有化的好处
       1节省大量税收不用弥补医院亏空
       2提高医院运营效率降低医疗成本
       3谁看病谁给钱更加公平公正
       以上3点都是有真凭实据的前段时间部分医院被查出检查费用贵就是医院行政人员过多机器采购成本不正常的高这有很多新闻自己去查最终这些成本都转嫁到患者头上
       私有化之后这些迎刃而解市场竞争会提供质优价廉的服务的",775,339,34,,2024-01-26,2024-01-26 09:33:53
"户晨风先生将于2月底赴新加坡拍摄望周知 
成都双流国际机场",75,23,0,,2024-01-25,2024-01-25 16:44:58
"公共交通亏损运营不下去应不应该补贴运营 
        不应该因为这就意味着其他不使用这个公共交通的人需要为此公共交通买单这不合理
        地铁公交铁路如果亏损运营不下去就停止运营然后自然会有人来做这个市场的能者多劳
        而不是持续性的不间断的补助
        这是对其他非乘坐者的不公平
        如果你支持对公共交通补贴 请直接回答为什么非乘坐者要为乘坐者的成本买单 
        不攻击互相尊重友好交流",243,106,11,,2024-01-24,2024-01-24 11:51:34
"再次突发因航班延误户晨风先生将于明日下午抵达成都 
        这张机票花了近800元 一晚上的直播收入没了 属实肉疼 
        晚上还是得狠狠地直播划拉W 
        望周知 
        1月份不停播 1月份播满一整月 
        1月份收入有望突破3万元大关 开门红",52,6,0,,2024-01-24,2024-01-24 11:47:20
突发 户晨风先生将于今日于江苏返回成都,74,19,0,,2024-01-24,2024-01-24 09:44:30
"现在向全社会公布户晨风先生的身体健康情况数据来源全国最大的连锁体检机构美年大健康出具
        除幽门螺旋杆菌抗体增高外户晨风先生体检的几十项均是正常针对这一情况户先生可能将在上海治疗
        望周知",144,37,0,,2024-01-21,2024-01-21 11:51:50
户晨风先生将于今日返回江苏,75,31,0,,2024-01-19,2024-01-19 12:27:34
"公交车之殇
        1应该把公交公司都私有化
        2公交公司负债过多应该立即破产清算
        3支撑不起公交车的地区就直接取消公交车不能补贴因为这是不可持续的包括农村地区
        4降低对载人拉客的违法标准面包车也能拉客这是最经济的这样农村才有可能有间歇性的面包公交车
        理由如下
        公交公司绝大部分都属于公有的随着地方财政对公交公司的补贴降低取消很多地方公交支撑不下去字面意思所以以上措施都是合理且必须的如果你不同意请给出更好的解决方案
        不攻击互相尊重友好交流",410,206,10,,2024-01-18,2024-01-18 20:07:05
"户晨风先生已在全国最大的体检联锁机构完成体检
        不日将向全社会公布体检结果 敬请期待",73,41,1,,2024-01-18,2024-01-18 12:24:38
每天一睁眼就纳税好几百能不能让成都市税务局给我发个什么成都市最佳青年纳税人的锦旗啊,212,59,1,,2024-01-18,2024-01-18 09:11:49
"成都的街头走一走时光一晃真快啊人在成都已经5年多了 
       这5年多真是波澜壮阔的5年",97,31,1,,2024-01-17,2024-01-17 17:33:30
"昨晚直播3个半小时挣了不到5000还是很满意的一分耕耘一分收获吧感恩各位网友各位总
        B站提现一天最多提现2000还得预缴16的个人所得税
         我一天纳税近1000元",191,55,1,,2024-01-16,2024-01-16 14:43:26
"户晨风先生正在签名 
成都",120,35,2,,2024-01-15,2024-01-15 13:16:33
"阿根廷总统米莱每晚9点也看我的直播么
        我们也不能让不坐高铁的人为高铁付钱       
        谁坐谁给钱谁坐谁付费
        视频转载自抖音9585889 
户晨风2023的微博视频",99,26,1,,2024-01-14,2024-01-14 17:56:47
"文言文之殇
        文言文早就被历史淘汰了对于普通人而言毕业后使用到文言文的概率几乎为0所以我认为应该做到以下几点
        1义务教育阶段全面删除文言文内容这些内容对于孩子的想象力逻辑性的提升为0
        2原本文言文的分数权重重新分配到数理化英语上让学生学习到更有用的东西
        3对文言文感兴趣的大学可以选相关专业深度学习
         请勿攻击理性交流",1054,607,53,,2024-01-14,2024-01-14 17:20:17
户晨风先生未来一个月的行程安排望周知,39,20,3,,2024-01-14,2024-01-14 16:25:52
今天晚上吃完饭准备直播吃面必须配上肉蔬菜光吃碳水哪行呢一顿饭简简单单40元,92,30,1,,2024-01-14,2024-01-14 00:49:55
"安卓之殇
1安卓普遍都是3000元以下的低端机
2安卓用户几乎没有任何付费意愿用盗版软件想方设法不付费
3安卓安全性极差苹果明星艳照泄露是因为几乎所有的名人富豪用的都是苹果或者私底下用苹果几乎没人用安卓这个世界上没有绝对的安全想对安卓而言苹果安全性太好了
4安卓无解手机市场尘埃落定苹果一统天下 
以上仅代表个人观点不一定对请注意甄别不针对全体安卓用户仅说明现实情况不攻击互相尊重友好交流",234,79,2,,2024-01-13,2024-01-13 16:40:46
"因工作十分繁忙再加家庭事务繁重本人在春节前暂不接受任何线下吃饭和其他娱乐活动的邀请十分抱歉
        另本人没有约吃饭的习惯有事需要见面线下谈的可以喝咖啡聊
        另户晨风先生已抵达成都 
        将于明日起恢复工作望周知",103,34,3,,2024-01-12,2024-01-12 19:42:51
户晨风先生将于后天返回成都工作,81,67,0,,2024-01-10,2024-01-10 11:18:29
户晨风将于本周五左右返回成都办公望周知,167,55,1,,2024-01-06,2024-01-06 19:41:49
"越往北雾霾越大真地道啊 
淮安",33,14,1,,2024-01-06,2024-01-06 15:38:38
中午加双份牛肉的粉32元多吃优质蛋白少吃米面馒头粥吃这些没啥好处除了让你变胖三高堵塞血管,93,24,2,,2024-01-05,2024-01-05 13:19:04
"反对我观点的人几乎没有讲道理的只有谩骂和扣帽子
        无论是高铁私有化还是取消高铁实名制取消高铁地铁安检基本都是情绪输出
        挺好的我就喜欢看你急躁的样子而我偏偏喜欢跟你讲道理
        真理越辩越明
        昨晚直播2小时小赚500元够一天支出了 
南宁",424,158,14,,2024-01-05,2024-01-05 09:55:55
"地铁之殇 
应该立即取消地铁安检地铁安检毫无意义 
       1如果严格安检城市瘫痪早晚高峰排队排一公里进不了地铁站地铁失去其功能性
      2如果不严格安检现在就是不严格安检纯糊弄毫无意义拿着小包穿厚衣服直接进而且进去也可以从外面递东西进去纯形式主义
       真想搞事情直接就糊弄进去了
       所以咱们都是理性人与其糊弄还不如取消地铁安检而且参考其他国家地铁都没安检还没听说谁天天地铁出现安全事故呢
        地铁安检已经成了社会的纯负资产 
        咱们不是天网摄像头覆盖都有么 还怕有人搞事情 你也太不自信了
        有道理讲道理请勿输出情绪",5986,2129,142,,2024-01-04,2024-01-04 20:19:51
户晨风先生将于明日抵达南京进行休整望周知,53,16,2,,2024-01-04,2024-01-04 19:37:38
"感谢不同意我观点的人让我现在微博也有稳定的收益了一天2030元够吃一顿饭了
        隔几天我就会发表一下自己的观点认不认同那是你的事发不发表是我的事
        感恩",119,33,2,,2024-01-04,2024-01-04 18:27:01
"我说小米汽车不超过15万我就买很多人说我是屌丝
        你还真说对了我觉得小米在大家的认知里面不就是屌丝品牌么 
        小米做高端手机做了好几年有几个小米用户买支持 
        绝大部分销量不还是更便宜的23千的红米么 
         我觉得小米就值15万但凡贵一点我就去买特斯拉了
         你开个特斯拉和小米汽车别人看你的眼神都不一样小米定价只能15万左右没办法贵了就是特斯拉
        以上仅代表个人观点不一定对请认真甄别",1221,536,7,,2024-01-03,2024-01-03 20:36:02
小米汽车定价15万以下立马提一辆高于15万不考虑又不是家庭用车品牌本身也没有附加值15万就是买车,574,213,6,,2024-01-03,2024-01-03 16:05:09
"很多人关心我直播收入问题最近反正只要开播一天赚1000块钱左右播34小时 
南宁",92,22,0,,2024-01-03,2024-01-03 09:44:17
南宁吃口24元总共今天第一顿饭不容易啊我太难了,47,31,0,,2024-01-02,2024-01-02 13:43:47
"高铁安检行李直接掉地上我是这么处理的 
户晨风2023的微博视频",13772,1661,211,,2024-01-01,2024-01-01 13:40:35
"三赴南宁 解决户晨风被威胁杀全家案和律师面谈推动案件进展 
        此案必将载入法治进程的史册浓墨重彩的一笔",231,43,1,,2024-01-01,2024-01-01 12:16:10
"落地无锡从早上到现在没吃任何东西就飞机上喝了两杯可乐廉价航空没有吃的创业维艰啊 
        下车之后接机的司机立马把我拉到无锡火车站终日奔波苦一日不得闲 
无锡苏南硕放国际机场",86,28,0,,2023-12-30,2023-12-30 15:59:56
回家回家唇膏这玩意真好用啊嘴唇干涩俏皮摸上去就好了这玩意谁研究的呢 搞嘴上就得劲DHC的进口货,50,14,0,,2023-12-30,2023-12-30 12:28:34
3年了终于用上5G了5G流量卡280G一个月19元太划算了准备和中国移动一刀两断了中国移动的流量太贵了,191,309,13,,2023-12-30,2023-12-30 10:58:49
简单一顿饭,79,25,1,,2023-12-29,2023-12-29 18:19:08
"雷军被米粉忽悠麻了做了个运动型轿车米粉买个手机支持一下还是可以的而且小米集团旗下绝大部分的手机销量都是更便宜的红米手机米粉买车那就算了真没实力
        而且在我们这个社会车子都是一个家庭使用必须兼顾2个甚至3个家庭的整体需求所以空间一定要大大大大 
        这次小米汽车基本只兼顾驾驶感受空间肉眼可见的小销量个人估计会很差 
        仅代表个人观点",109,38,1,,2023-12-28,2023-12-28 18:26:08
关于户晨风已公开发布视频的以及直播录播的视频版权公开声明给予每一位自由发布转载的权利 这是授权函 望周知,93,16,3,,2023-12-28,2023-12-28 15:03:25
"看看菊花最新发布的M9喝喝咖啡人生也就这样了 
成都",37,19,0,,2023-12-28,2023-12-28 14:59:36
"高铁之殇 
      高铁当然好了有总比没有强这是一句没有用的废话资源是有限的也就是钱是有限的税收就和你的工资一样一个家庭的支出有很多柴米油盐酱醋茶还得养老婆孩子父母还得吃药看病所以得精打细算过日子付出和回报不成正比的项目就得砍掉
        大城市之间建高铁本身没问题也能盈利问题是很多小地方也在大张旗鼓的建高铁完全没有必要上座率极低只是运空椅子
       省下来的钱可以改善民生比如医疗教育而不是白白的让高铁把钱烧掉",1316,349,29,,2023-12-27,2023-12-27 15:43:18
"我放弃所有作品的版权户晨风的声明 
户晨风2023的微博视频",740,140,18,,2023-12-27,2023-12-27 11:01:07
"工作日在成都工作周末回江苏过望周知 
成都",243,90,5,,2023-12-26,2023-12-26 14:42:34
"我一说公开拍卖高铁把高铁私有化一群义愤填膺的小将马上把我围住不停的指责我
        这些义愤填膺的人一边支持大而无用的设施修建一边对高铁公司超高额负债每年盈利水平连负债利息都不够的事实避而不谈当然他们也不一定知道
        真乃双重人格",16803,2422,246,,2023-12-25,2023-12-25 18:09:06
南京飞成都回成都庆祝圣诞节,159,42,1,,2023-12-25,2023-12-25 14:24:11
冬季拍摄地主要是广西海南除此之外都太冷没法拍街上没人,47,12,1,,2023-12-23,2023-12-23 10:19:05
"十分具有人格魅力 
上海",67,26,2,,2023-12-22,2023-12-22 17:56:03
"我11月赚了多少钱我如何兑现的承诺户晨风收入公开系列 
户晨风2023的微博视频",82,18,3,,2023-12-22,2023-12-22 11:30:22
"来上海3天3件事送钱送钱还是送钱3天必须把钱送光 
上海",25,9,0,,2023-12-21,2023-12-21 17:52:52
"每天都是奔波在不同城市住一模一样的酒店拍不同人的人生 
上海",28,10,0,,2023-12-21,2023-12-21 16:27:21
镇江去上海高铁目前延误7分钟他妈的赔钱延误了得赔钱耽误了用户的时间 人家航空公司都有赔偿机制为啥你高铁没有 你高高在上,195,68,4,,2023-12-21,2023-12-21 11:44:16
我将于2023年12月25日晚飞抵成都在成都共渡圣诞,64,13,1,,2023-12-21,2023-12-21 09:26:29
"简中互联网辟谣闻神一晚上赚800万
        闻神一晚上直播收到6000个抖音嘉年华嘉年华礼物价3000元平台拿1500普通主播预缴20的个人所得税到手1200元大主播月收入大于96万的缴纳45个人所得税到手825元所以收到6000个嘉年华到手495万缴税405万
        缴税的额度几乎略等于到手钱",79,45,3,,2023-12-20,2023-12-20 19:23:22
"人这辈子真是峰回路转啊前几天坐青岛航空从成都回无锡航班因为航空公司原因延误导致我在无锡住宿花了198元我找青岛航空赔偿青岛航空说送你个飞机模型吧我说行吧因为我正生病呢也不想烦
        今天收到模型送给了我叔我叔回家打开说飞机模型引擎断了我找青岛航空青岛航空让我找顺丰解决我网上查了一下这个模型208元我把相关资料传给顺丰顺丰直接赔付了我189元
        200元以这种方式回到我手里属实没想到 
镇江真真老老美食镇江高铁站",385,51,4,,2023-12-20,2023-12-20 18:37:44
"网友们又来公立三甲医院就医了为啥来公立三甲 因为医疗资源都被公立三甲医院垄断了我不得不来
       鼻孔出血 挂个号 做了个鼻镜检查拿了个药总共314元无法报销真贵啊普通人2天的工资",103,29,2,,2023-12-19,2023-12-19 15:52:03
"简中互联网青岛往韩国背粮食彻头彻尾的谎言关键这几天还在简中互联网越传越广
        事情起源是有一个博主写了个文章大概意思是韩国粮食价格特别贵4050一斤青岛粮食便宜45元一斤比如绿豆就有一群人从青岛携带40KG的粮食去韩国倒卖赚差价
        我的看完这个事件的第一反应就是不正常没有逻辑
        因为该文章没有摆事实全是情绪输出
        1事实性错误飞韩国航司以山东航空举例因为山东航空飞首尔的航班很多只允许携带23KG的行李包含托运图1多余重量超过免费额度需要按件收费一件超重量不超尺寸32Kg的行李收费是490元人民币再加上机票350元买行李额的钱明显高于每公斤粮食售价
        且文章里说由于经常过飞带粮食的都是白金卡这一点如果确实是白金卡那没问题可以携带40kg的行李但带粮食的应该以低收入群体为主国航的白金卡一年要飞10万公里或者90个航段才会有那这10万公里纯亏本带粮食来回跑 
        就算真的亏本带粮食跑下一个问题来了
        2如何过海关 首先从我们这出关是否受影响我不清楚但是从韩国入关必然出大问题因为从外国携带种子未经加工的粮食有可能涉及物种入侵且40KG这么多海关必然过不去且检疫检验也过不去啊因为未加工的粮食会携带虫害
        有人说回程带化妆品这样快速往返大体量走私你以为海关吃素的 出过国么 
        3携带者国籍问题如果是中国人多次这样去做按照文章来看也确实如此每天往返韩国海关是傻子 这走私啊 如果是韩国本地人韩国最低工资标准约9680韩元约53元人民币这个走私赚的和最低工资几乎差不多何必呢 
         4没有任何佐证搜遍简中互联网只有2张截图图34
       个人以为应该是有一小部分人这么做但绝对不可能群体性",120,19,8,,2023-12-18,2023-12-18 13:39:26
垂死病中惊坐起拔剑四顾心茫然,126,24,2,,2023-12-17,2023-12-17 22:44:51
谢谢我不需要协管员真理越辩越明自由发言是每个人的权利,109,20,3,,2023-12-17,2023-12-17 15:16:40
"今天我乘坐贵公司实际承运航班QW6125次航班由成都飞无锡
       由于贵公司本身的原因航班延误近5小时图2是延误证明导致我落地无锡后2102分才落地2120分才走到地铁站
        来不及赶到无锡站高铁站图3硕放机场到无锡站最少需要43分钟还没算下机时间搭乘高铁回家从而产生了198元住宿费图5此住宿费合理且必须请予以报销",121,32,5,,2023-12-15,2023-12-15 21:58:42
保险公司的航班延误险真垃圾啊赔来陪去也就赔100块左右还不如买第三方机票软件的延误险便宜赔的还多延误4小时赔400机票代金券太划算了才38元,17,2,0,,2023-12-15,2023-12-15 15:46:04
全乱了网友们上飞机然后飞机准备起飞又推回停机位全体下飞机然后不知道取消与否,12,2,0,,2023-12-15,2023-12-15 14:39:56
"成都飞无锡昨天晚上看天气预报无锡今天有雨瞅准时机买了2份航班延误险总共花了77元这赔率也太低了就算都是顶额赔也就赔188元减去本金77我就赚150左右血亏啊但总比一分不赚强
         现在飞机准备起飞又突然取消起飞了我能赚到钱么",4,2,1,,2023-12-15,2023-12-15 14:20:25
荣耀属于乌克兰正义必胜,498,104,8,,2023-12-15,2023-12-15 11:04:03
验光配眼镜,123,27,1,,2023-12-11,2023-12-11 14:44:10
户晨风先生已初步恢复健康已经开始恢复工作早上起来给海报签名,52,8,1,,2023-12-11,2023-12-11 11:17:47
综有等待终究值得,119,30,0,,2023-12-10,2023-12-10 17:43:32
"实在是扛不住了凌晨5点去的医院看了医生拿了药是病毒性感冒医生说你再硬抗3天就过去了你抗不抗 
        我说其他还好就是太头晕了晚上晕的睡不着拿点药吧总共检查挂号药消费200元
       实在是顶不住还得再恢复2天
       免责声明有病请去正规三甲医院治疗遵循医嘱吃药",86,31,1,,2023-12-08,2023-12-08 14:49:31
病归病冰镇果汁必须喝起来必须是nFC的蛋糕也得是病的没有任何证据证明吃冰的对身体不好,72,9,1,,2023-12-06,2023-12-06 18:27:41
"不戴口罩不治疗硬挺就完事了50岁以下死亡率无限接近于0这比出去溜达被车撞死的概率都低
        很多网友说为啥不去看医生 因为没有必要现在没有任何药物能够治疗病毒但是有一说一治疗可以缓解症状但是我不需要
        病毒特效药是在有明显症状之前吃有效果无论是辉瑞的还是奥司他韦麻烦看看说明书
        2022年11月到现在这是第三次无所谓
        免责声明有病去正规三甲医院看不要学我硬挺尤其是老人小孩孕妇基础性疾病患者有相关症状一定及时就医吃药请在医生指导下吃",85,26,4,,2023-12-06,2023-12-06 18:22:50
"网友们彻底完犊子了病毒有点厉害了彻底病倒了体内的白细胞正在和RNA病毒做剧烈斗争场面十分血腥咳嗽肌肉酸疼头晕嗓子哑
        坚持不吃药不挤占医疗资源把医疗资源留给更有需要的人牺牲小我成就大我
        今明两晚不直播 
成都",66,13,0,,2023-12-06,2023-12-06 16:13:01
尊敬的网友们从这周末开始不出意外的话每个周末我都会在江苏过周末暂时为期一个月周一回成都或者其他城市工作,21,12,0,,2023-12-05,2023-12-05 10:58:19
"网友们我病了病毒占领高地了但是我坚持不吃药不挤占医疗资源坚持和RNA病毒斗争
        头晕没有力气走不动路不知道发不发烧 
        食无味寝无眠 
深圳",43,23,0,,2023-12-04,2023-12-04 14:19:08
"网友们哪幅眼镜好看 准备2000预算配个眼镜 
深圳",32,35,0,,2023-12-04,2023-12-04 11:31:21
"遭遇重大挫折户晨风被威胁杀全家案后续3合理合法维护个人权益还网络一个风清气正的环境拒绝网络暴力 
户晨风2023的微博视频",63,30,1,,2023-12-03,2023-12-03 13:21:46
"从纹身师到吸毒者从进监狱到卖糖葫芦东北大哥13年人生户晨风随机给陌生人1000元 
户晨风2023的微博视频",27,3,0,,2023-12-02,2023-12-02 11:27:00
"假期一撇明天深圳见 
郑州",28,8,0,,2023-12-01,2023-12-01 21:00:28
"户晨风先生生平照片合集 
户晨风2023的微博视频",74,31,3,,2023-12-01,2023-12-01 10:11:30
"淘宝正在生死存亡之秋 鄙人不才愿出3计匡扶淘宝
1全面学习亚马逊京东建立自营仓提高次日达当日达比例
2告别诈骗式营销所有商家商品宣传照和店铺统一版式越简单越好优惠不再采用满减等策略直接便宜单品且真便宜
3以好评率为商品推荐金指标买好评的店铺全部直接关停且关停母公司开店押金不退且交割款项冻结
        总结直播电商从来不会对网购有威胁因为直播电商是冲动式消费且售后体验差品类少只要淘宝洗心革面依我3计市值再破1万亿美金指日可待
       全面学习亚马逊以壮士断腕的决心反正现在基本上和截肢差不多了
        重新扛起国内电商的新标杆 
         当断不断反受其乱下决心吧",77,57,1,,2023-11-30,2023-11-30 10:04:42
"出差到机场也不能闲啊还有一个小时赶紧发布视频剪视频
        超高强度工作是必然的昨晚直播到凌晨1点早上7点40起床收拾行李设备820到麦当劳吃饭855赶到火车南站赶机场地铁
        我也不觉得辛苦我喜欢快节奏",19,9,0,,2023-11-29,2023-11-29 10:12:42
"好家伙这次某鱼头部全军覆没 都缝纫机了 
挣那么多钱 几乎0法律意识你把一天直播收入的一半拿来雇一个法律顾问也够了啊",23,4,0,,2023-11-28,2023-11-28 17:10:36
"西南地区高铁上座率实况一镜到底
此为2023年11月21日G2165次 
南昌西成都东共8车厢下午240分拍摄行驶到贵州四川交界处威信县附近
免责声明仅代表当天此时此刻此站的高铁上座率 
户晨风2023的微博视频",159,59,2,,2023-11-21,2023-11-21 15:27:21
"我目前正在南宁到贵阳北的高铁上这就是上座率最后一张是人最多的车厢
这能把电费赚回来么 别说发工资了
这还是南宁到贵阳北的大干线支线岂不是更完犊子 
总共8节车厢图片并不包含每节车厢这仅仅代表我所坐的本车次的本时间的动车",5761,507,179,,2023-11-20,2023-11-20 10:00:00
"重大进展拿到受案回执奔赴3000公里后续户晨风被威胁杀全家后续 
户晨风2023的微博视频",48,7,4,,2023-11-20,2023-11-20 01:13:59
"南宁的夜静悄悄搞个炒粉吃一吃 
南宁",26,7,1,,2023-11-17,2023-11-17 00:06:32
"我已抵达南宁 
南宁",19,4,0,,2023-11-16,2023-11-16 23:08:34
"10月份我赚了多少钱我获得了人生第1个奖牌户晨风全网收入情况公开财务 
户晨风2023的微博视频",48,6,1,,2023-11-15,2023-11-15 12:14:05
"户晨风被威胁灭门事件进展
        刚才南宁公安派出所那边给我回电了民警态度很好很积极派出所领导也在积极处置很感谢 
点赞",34,3,0,,2023-11-14,2023-11-14 18:38:30
"到机场了飞扬州回家一趟
到机场该省省该花花一瓶无糖可乐4元一个进口饼干11元15元解决晚饭最近胖了得减减肥了
后天南宁见 
长春长春龙嘉国际机场",32,11,0,,2023-11-14,2023-11-14 17:10:17
"户晨风被死亡威胁威胁者要灭门户晨风全家 
户晨风2023的微博视频",83,15,6,,2023-11-13,2023-11-13 11:27:28
"一个月内第二次 
户晨风再遭死亡威胁 
户晨风被威胁要灭门 
        威胁者在B站公开收购我的家庭住址声称要在春节把我全家灭门 
        这种赤裸裸的死亡威胁已经涉及恐怖主义了 
         我已陷入深深地恐惧门都不敢出了吃不下饭水都喝不下去我都不敢跟我的家里人讲 
        得知此事后我已立即购买了去广西南宁的机票图4我将在南宁市派出所网警实地报案并录视频 
        他的IP地址显示在广西 请予以核实和打击此人现在是否已经购买了管制刀具他有很强的暴击犯罪欲望 且已经有了实施计划 
         请B站官方尽快处理 谢谢 
         图1是威胁者的B站账号
         图2是他威胁我的原文
         图3在B站公开高价收购我的家庭住址
         图4是我购买的去广西的机票",143,37,8,,2023-11-12,2023-11-12 15:38:58
"长春拍摄中 
长春",30,9,0,,2023-11-11,2023-11-11 18:19:44
"家人们经常坐飞机我不担心航空安全但是以防万一
        我给自己买了6份意外险的保单不算意外身故的赔偿金仅仅是航空意外身故死亡一项累计保险赔偿金就3500万现在收入不高以后收入高了买一个亿的
        望周知",24,6,1,,2023-11-11,2023-11-11 11:09:47
"济南机场太垃圾了连个办公的公用桌子都没有其他机场基本上标配中途转机3小时肯定不能浪费啊剪个视频办公都没地方
        没办法只能坐在地上剪视频插座还是坏的没电
        而且网速巨慢无比02ms天府机场45ms 你正常的12ms也行啊你这网纯粹摆设刷微博都嫌慢
        当你们看到这条微博的时候我已经在济南飞长春的航班上了定时发布的 
济南遥墙国际机场",66,13,0,,2023-11-10,2023-11-10 17:30:15
出差路上工作学习两不误第一次去冬天的东北去长春害怕被冻坏先从成都飞济南再转机去长春,29,10,1,,2023-11-10,2023-11-10 10:06:34
"今天坐川航的3U8788次航班从珠海经西昌机场到成都
       飞行到西昌机场途中发现图1圈里面这个橡胶条不正常本来不该有的怎么可能夹着橡胶条呢 我坐飞机基本上都是这个位置做了几十次了没发现过这种情况
        降落之后又没了如图2
        照片已经给机组看了机组拿给机长看了机组拍照留存了
        图34机场正在检查
        希望没事一切正常",111,35,4,,2023-10-30,2023-10-30 18:08:04
"户晨风先生游香港 
香港",32,7,0,,2023-10-28,2023-10-28 12:03:30
已抵达香港香港的公交系统太垃圾了坐过了耽误了半小时本地人阿姨跟我说本地人都能做错标识不明确不清晰跟着谷哥地图有些站点不显示都是错误的i am angry 这物价真的离谱啊一个水果都是10元以上,274,90,0,,2023-10-27,2023-10-27 21:19:40
"本人在B站被匿名用户实名威胁 人身安全难以保障 
        如果本人及本人的家属出现不明原因可疑的安全事故包括但不仅限于车祸食物中毒消失高空坠物砸中这是重要线索 
        对面IP 地址显示为上海 希望能够予以核查谢谢 
         希望能够按照B站相关规定处理谢谢 
        望周知",307,99,8,,2023-10-21,2023-10-21 10:36:48
兰州拍摄中,49,13,1,,2023-10-20,2023-10-20 17:39:34
"酒店的房间还没打扫出来就已经在酒店大堂开始辛勤的工作了
干就完了不多说晚上直播聊 
兰州",17,6,0,,2023-10-20,2023-10-20 09:39:00
"本人被持续性的直播切片断章取义已忍无可忍昨天直播在讨论加沙地区医院遇袭事件中我反复强调
        1这是个悲剧没有人希望发生这个事
        2现有证据无法证明到底是谁干的
        3500人死亡系哈马斯单方面公布的数据结合现场照片来看几乎不可能500人死亡因为建筑物没有明显受损且爆炸点周围的汽车玻璃都是完好的另外场地过小站都站不了500人图12
         4死亡人数统计过快事件发生不到24小时就统计出500人死亡近乎于不可能
         5地上没有大量的血迹如果真有哈马斯不可能把它打扫干净的肯定等着全世界的媒体拍因为这是铁证此医院目前处于哈马斯控制范围图34
        图片来源 部分观点参考 我很认同
        不攻击互相尊重友好交流",1768,819,43,,2023-10-19,2023-10-19 11:25:53
"8月份我赚了多少钱户晨风全网收入情况 
户晨风2023的微博视频",61,14,1,,2023-10-17,2023-10-17 19:29:12
"上海是不是环保环疯了 住酒店要求屋子里不能有一次性牙刷得选择是否需要
       来肯德基吃饭我吃早饭选的粥问我是否需要勺子 我匪夷所思啊拿手抓着吃粥 还是我吃饭自带非一次性碗筷",37,8,0,,2023-10-17,2023-10-17 09:14:20
现在一个月要飞56次都感觉很疲惫了那些一个月飞10多次的身体素质真好啊,16,14,1,,2023-10-13,2023-10-13 12:46:39
曼谷来电,34,12,0,,2023-10-07,2023-10-07 19:41:04
浮光掠影,26,6,0,,2023-10-02,2023-10-02 00:06:41
忆往昔峥嵘岁月稠恰同学少年风华正茂书生意气挥斥方遒,58,11,0,,2023-09-28,2023-09-28 13:49:53
